,"Table 6a. First Semester Income Gap, Poverty Gap and Severity of Poverty with Measures of Precision, by Region, Province and Highly Urbanized Cities: 2018u and 2021",,,,,,,,,,,,,,,,,,,,,,,,,,,,,,,
,,,,,,,,,,,,,,,,,,,,,,,,,,,,,,,,
,Region/Province,First Semester Income Gap,,,,,,,, First Semester Poverty Gap ,,,,,,,, First Semester Severity of Poverty ,,,,,,,,,,,,,,
,,Estimate,,Standard Error,,90% Confidence Interval,,,,Estimate,,Standard Error,,90% Confidence Interval,,,, Estimate ,,Standard Error,,90% Confidence Interval,,90% Confidence Interval,,,,,,,,
,,,,,,2018u,,2021,,,,,,2018u,,2021,,,,,,2018u,,2021,,,,,,,,
,,2018u,2021,2018u,2021,Lower Limit,Upper Limit,Lower Limit,Upper Limit,2018u,2021,2018u,2021,Lower Limit,Upper Limit,Lower Limit,Upper Limit,2018u,2021,2018u,2021,Lower Limit,Upper Limit,Lower Limit,Upper Limit,,,,,,,
,,,,,,,,,,,,,,,,,,,,,,,,,,,,,,,,
2,PHILIPPINES,27.0 ,27.0 ,0.2 ,0.2 ,26.7 ,27.3 ,26.7 ,27.3 ,4.4 ,4.9 ,0.1 ,0.1 ,4.3 ,4.5 ,4.7 ,5.0 ,1.8 ,1.9 ,0.0 ,0.0 ,1.7 ,1.9 ,1.9 ,2.0 ,,,,,,,
,,,,,,,,,,,,,,,,,,,,,,,,,,,,,,,,
3,National Capital Region (NCR),27.0 ,20.0 ,0.9 ,0.6 ,25.5 ,28.5 ,19.0 ,21.1 ,1.3 ,1.0 ,0.1 ,0.1 ,1.2 ,1.5 ,0.9 ,1.1 ,0.6 ,0.4 ,0.0 ,0.0 ,0.5 ,0.7 ,0.3 ,0.4 ,,,,,,,
4,1st District,,,,,,,,,,,,,,,,,,,,,,,,,,,,,,,
,City Of Manila,30.3 ,11.5 ,2.3 ,2.0 ,26.6 ,34.0 ,8.2 ,14.8 ,1.7 ,0.2 ,0.3 ,0.1 ,1.2 ,2.3 ,0.1 ,0.3 ,0.9 ,0.0 ,0.2 ,0.0 ,0.6 ,1.2 ,0.0 ,0.1 ,,,,,,,
,2nd District,,,,,,,,,,,,,,,,,,,,,,,,,,,,,,,
,City Of Mandaluyong,20.7 ,10.6 ,2.7 ,2.4 ,16.3 ,25.1 ,6.7 ,14.6 ,0.3 ,0.1 ,0.1 ,0.0 ,0.1 ,0.5 ,0.1 ,0.2 ,0.1 ,0.0 ,0.0 ,0.0 ,0.0 ,0.2 ,0.0 ,0.0 ,,,,,,,
,City Of Marikina,19.9 ,16.0 ,2.6 ,2.1 ,15.6 ,24.2 ,12.5 ,19.5 ,0.8 ,0.5 ,0.2 ,0.1 ,0.6 ,1.1 ,0.4 ,0.7 ,0.3 ,0.2 ,0.1 ,0.1 ,0.2 ,0.5 ,0.1 ,0.3 ,,,,,,,
,City Of Pasig,24.3 ,24.6 ,3.6 ,2.9 ,18.3 ,30.2 ,19.8 ,29.5 ,0.9 ,1.3 ,0.2 ,0.3 ,0.6 ,1.2 ,0.8 ,1.8 ,0.4 ,0.5 ,0.1 ,0.2 ,0.2 ,0.6 ,0.3 ,0.8 ,,,,,,,
,Quezon City,25.8 ,16.5 ,3.3 ,1.8 ,20.4 ,31.2 ,13.5 ,19.4 ,1.0 ,0.7 ,0.2 ,0.1 ,0.6 ,1.3 ,0.5 ,0.9 ,0.4 ,0.2 ,0.1 ,0.0 ,0.2 ,0.6 ,0.1 ,0.3 ,,,,,,,
,City Of San Juan,23.5 ,22.0 ,5.3 ,0.0 ,14.8 ,32.2 ,0.0 ,0.0 ,0.4 ,0.1 ,0.1 ,0.1 ,0.2 ,0.6 ,0.0,0.2 ,0.1 ,0.0 ,0.1 ,0.0 ,0.0 ,0.3 ,0.0,0.0 ,,,,,,,
46,3rd District,,,,,,,,,,,,,,,,,,,,,,,,,,,,,,,
46,City Of Caloocan,30.0 ,20.7 ,2.1 ,1.4 ,26.5 ,33.4 ,18.4 ,23.1 ,2.3 ,2.0 ,0.3 ,0.3 ,1.8 ,2.9 ,1.6 ,2.4 ,1.1 ,0.7 ,0.2 ,0.1 ,0.8 ,1.4 ,0.5 ,0.9 ,,,,,,,
47,City Of Malabon,25.3 ,19.3 ,2.3 ,1.8 ,21.5 ,29.1 ,16.2 ,22.3 ,2.3 ,1.2 ,0.3 ,0.2 ,1.8 ,2.8 ,0.9 ,1.5 ,1.0 ,0.4 ,0.2 ,0.1 ,0.7 ,1.4 ,0.2 ,0.5 ,,,,,,,
49,City Of Navotas,23.3 ,18.4 ,1.8 ,1.2 ,20.4 ,26.3 ,16.5 ,20.4 ,2.6 ,1.8 ,0.3 ,0.2 ,2.2 ,3.0 ,1.4 ,2.2 ,1.1 ,0.5 ,0.2 ,0.1 ,0.8 ,1.3 ,0.4 ,0.7 ,,,,,,,
,City Of Valenzuela,25.7 ,16.0 ,2.2 ,1.3 ,22.1 ,29.2 ,13.8 ,18.2 ,1.8 ,0.8 ,0.3 ,0.1 ,1.4 ,2.3 ,0.6 ,1.0 ,0.8 ,0.2 ,0.2 ,0.0 ,0.5 ,1.1 ,0.1 ,0.3 ,,,,,,,
,4th District,,,,,,,,,,,,,,,,,,,,,,,,,,,,,,,
,City Of Las Piñas,22.2 ,18.9 ,2.3 ,1.8 ,18.4 ,26.1 ,15.9 ,21.9 ,0.9 ,1.0 ,0.2 ,0.2 ,0.6 ,1.1 ,0.7 ,1.3 ,0.3 ,0.3 ,0.1 ,0.1 ,0.2 ,0.5 ,0.2 ,0.4 ,,,,,,,
,City Of Makati,25.6 ,18.1 ,8.4 ,3.7 ,11.9 ,39.4 ,12.0 ,24.2 ,0.2 ,0.4 ,0.1 ,0.1 ,0.1 ,0.4 ,0.2 ,0.6 ,0.1 ,0.2 ,0.1 ,0.1 ,0.0 ,0.2 ,0.1 ,0.2 ,,,,,,,
,City Of Muntinlupa,24.2 ,22.0 ,1.7 ,2.4 ,21.4 ,27.0 ,18.1 ,26.0 ,1.4 ,1.5 ,0.2 ,0.3 ,1.0 ,1.7 ,1.0 ,2.1 ,0.5 ,0.6 ,0.1 ,0.2 ,0.4 ,0.7 ,0.3 ,0.8 ,,,,,,,
,City Of Parañaque,27.8 ,23.6 ,2.8 ,2.4 ,23.1 ,32.4 ,19.5 ,27.6 ,1.3 ,1.2 ,0.3 ,0.2 ,0.9 ,1.8 ,0.8 ,1.6 ,0.6 ,0.5 ,0.2 ,0.1 ,0.3 ,0.9 ,0.3 ,0.7 ,,,,,,,
,Pasay City,31.0 ,26.2 ,2.6 ,2.6 ,26.7 ,35.3 ,22.0 ,30.4 ,1.9 ,1.8 ,0.3 ,0.3 ,1.4 ,2.3 ,1.2 ,2.4 ,0.9 ,0.7 ,0.2 ,0.2 ,0.6 ,1.1 ,0.4 ,1.0 ,,,,,,,
,Pateros,29.8 ,21.9 ,4.6 ,2.8 ,22.2 ,37.4 ,17.3 ,26.5 ,1.2 ,1.6 ,0.3 ,0.4 ,0.6 ,1.8 ,0.9 ,2.3 ,0.6 ,0.6 ,0.2 ,0.2 ,0.2 ,0.9 ,0.3 ,0.9 ,,,,,,,
,City Of Taguig,25.7 ,24.0 ,5.7 ,1.5 ,16.2 ,35.1 ,21.5 ,26.5 ,0.8 ,2.3 ,0.2 ,0.4 ,0.5 ,1.2 ,1.7 ,2.9 ,0.4 ,0.9 ,0.2 ,0.2 ,0.2 ,0.7 ,0.6 ,1.1 ,,,,,,,
,,,,,,,,,,,,,,,,,,,,,,,,,,,,,,,,
,Cordillera Administrative Region (CAR),29.3 ,26.8 ,0.6 ,0.7 ,28.3 ,30.4 ,25.7 ,27.9 ,4.0 ,3.2 ,0.2 ,0.2 ,3.7 ,4.4 ,2.9 ,3.5 ,1.7 ,1.3 ,0.1 ,0.1 ,1.6 ,1.9 ,1.1 ,1.4 ,,,,,,,
,Abra,33.8 ,26.3 ,1.2 ,1.3 ,31.9 ,35.8 ,24.2 ,28.5 ,10.0 ,5.7 ,0.7 ,0.6 ,8.8 ,11.2 ,4.7 ,6.6 ,4.8 ,2.3 ,0.4 ,0.3 ,4.1 ,5.5 ,1.8 ,2.8 ,,,,,,,
,Apayao,33.0 ,24.5 ,2.2 ,2.1 ,29.3 ,36.7 ,21.1 ,27.9 ,7.7 ,3.1 ,1.3 ,0.7 ,5.5 ,9.8 ,1.9 ,4.2 ,3.4 ,1.1 ,0.7 ,0.3 ,2.2 ,4.5 ,0.7 ,1.6 ,,,,,,,
,Benguet (w/o the City of Baguio),28.3 ,29.2 ,1.8 ,1.9 ,25.4 ,31.3 ,26.1 ,32.3 ,2.5 ,3.2 ,0.4 ,0.4 ,1.9 ,3.1 ,2.5 ,3.8 ,1.0 ,1.3 ,0.2 ,0.2 ,0.7 ,1.3 ,1.0 ,1.7 ,,,,,,,
,City Of Baguio,25.7 ,26.8 ,4.5 ,2.1 ,18.4 ,33.1 ,23.3 ,30.3 ,0.7 ,0.9 ,0.2 ,0.2 ,0.4 ,1.0 ,0.6 ,1.2 ,0.3 ,0.4 ,0.1 ,0.1 ,0.1 ,0.5 ,0.2 ,0.5 ,,,,,,,
,Ifugao,23.8 ,26.6 ,1.3 ,1.6 ,21.6 ,26.0 ,24.0 ,29.1 ,3.7 ,3.6 ,0.5 ,0.6 ,2.8 ,4.6 ,2.6 ,4.7 ,1.3 ,1.5 ,0.2 ,0.3 ,0.9 ,1.6 ,1.0 ,1.9 ,,,,,,,
,Kalinga,23.9 ,22.3 ,1.5 ,1.3 ,21.4 ,26.4 ,20.2 ,24.5 ,2.9 ,2.7 ,0.4 ,0.4 ,2.3 ,3.5 ,2.0 ,3.4 ,1.0 ,0.9 ,0.2 ,0.2 ,0.7 ,1.3 ,0.6 ,1.2 ,,,,,,,
,Mt. Province,28.3 ,27.6 ,1.1 ,1.4 ,26.5 ,30.1 ,25.3 ,29.9 ,6.9 ,6.3 ,0.7 ,0.8 ,5.8 ,8.0 ,4.9 ,7.6 ,2.9 ,2.5 ,0.3 ,0.4 ,2.4 ,3.4 ,1.8 ,3.2 ,,,,,,,
,,,,,,,,,,,,,,,,,,,,,,,,,,,,,,,,
,Region I (Ilocos Region),19.5 ,23.4 ,0.9 ,0.9 ,18.0 ,21.0 ,21.9 ,24.9 ,1.7 ,3.7 ,0.2 ,0.3 ,1.4 ,2.0 ,3.2 ,4.2 ,0.5 ,1.4 ,0.1 ,0.1 ,0.4 ,0.6 ,1.2 ,1.6 ,,,,,,,
,Ilocos Norte,17.4 ,17.3 ,2.9 ,1.1 ,12.5 ,22.2 ,15.5 ,19.0 ,1.0 ,1.1 ,0.3 ,0.2 ,0.5 ,1.4 ,0.7 ,1.5 ,0.3 ,0.3 ,0.1 ,0.1 ,0.1 ,0.5 ,0.2 ,0.4 ,,,,,,,
,Ilocos Sur,17.8 ,24.1 ,1.4 ,1.0 ,15.6 ,20.0 ,22.5 ,25.8 ,1.6 ,4.3 ,0.2 ,0.4 ,1.2 ,2.0 ,3.6 ,5.0 ,0.5 ,1.5 ,0.1 ,0.2 ,0.3 ,0.6 ,1.2 ,1.8 ,,,,,,,
,La Union,18.3 ,20.0 ,1.8 ,1.0 ,15.3 ,21.3 ,18.2 ,21.7 ,0.7 ,2.1 ,0.2 ,0.3 ,0.4 ,0.9 ,1.7 ,2.6 ,0.2 ,0.7 ,0.1 ,0.1 ,0.1 ,0.3 ,0.5 ,0.9 ,,,,,,,
,Pangasinan,20.1 ,24.2 ,1.2 ,1.3 ,18.1 ,22.0 ,22.1 ,26.3 ,2.1 ,4.5 ,0.3 ,0.5 ,1.7 ,2.6 ,3.7 ,5.3 ,0.7 ,1.8 ,0.1 ,0.2 ,0.5 ,0.9 ,1.4 ,2.1 ,,,,,,,
,,,,,,,,,,,,,,,,,,,,,,,,,,,,,,,,
,Region II (Cagayan Valley),24.4 ,26.0 ,0.7 ,0.9 ,23.2 ,25.6 ,24.6 ,27.4 ,3.7 ,4.3 ,0.2 ,0.4 ,3.3 ,4.1 ,3.7 ,4.8 ,1.4 ,1.6 ,0.1 ,0.2 ,1.2 ,1.6 ,1.3 ,1.9 ,,,,,,,
,Batanes,29.1 ,26.4 ,3.8 ,3.1 ,22.8 ,35.4 ,21.3 ,31.5 ,3.9 ,2.0 ,0.6 ,0.6 ,2.9 ,4.9 ,1.0 ,2.9 ,1.8 ,0.7 ,0.4 ,0.3 ,1.1 ,2.4 ,0.3 ,1.1 ,,,,,,,
,Cagayan,25.6 ,22.8 ,1.3 ,1.1 ,23.4 ,27.7 ,21.1 ,24.5 ,3.9 ,2.9 ,0.4 ,0.4 ,3.2 ,4.5 ,2.3 ,3.6 ,1.5 ,1.0 ,0.2 ,0.1 ,1.2 ,1.8 ,0.7 ,1.2 ,,,,,,,
,Isabela,23.3 ,27.2 ,1.2 ,1.3 ,21.3 ,25.3 ,25.1 ,29.2 ,3.6 ,5.6 ,0.4 ,0.7 ,3.0 ,4.3 ,4.5 ,6.8 ,1.3 ,2.3 ,0.2 ,0.4 ,1.0 ,1.6 ,1.7 ,2.9 ,,,,,,,
,Nueva Vizcaya,26.4 ,28.4 ,1.3 ,2.1 ,24.3 ,28.5 ,24.9 ,31.9 ,4.5 ,3.6 ,0.5 ,0.7 ,3.6 ,5.4 ,2.6 ,4.7 ,1.8 ,1.5 ,0.3 ,0.3 ,1.4 ,2.3 ,1.0 ,2.1 ,,,,,,,
,Quirino,18.8 ,22.0 ,1.5 ,1.4 ,16.4 ,21.3 ,19.8 ,24.2 ,1.9 ,2.5 ,0.3 ,0.3 ,1.4 ,2.3 ,2.0 ,3.0 ,0.5 ,0.9 ,0.1 ,0.1 ,0.4 ,0.7 ,0.6 ,1.1 ,,,,,,,
,,,,,,,,,,,,,,,,,,,,,,,,,,,,,,,,
,Region III (Central Luzon),23.8 ,23.4 ,0.7 ,0.6 ,22.6 ,25.0 ,22.4 ,24.3 ,1.9 ,3.2 ,0.1 ,0.2 ,1.7 ,2.1 ,2.9 ,3.5 ,0.7 ,1.2 ,0.1 ,0.1 ,0.7 ,0.8 ,1.0 ,1.3 ,,,,,,,
,Aurora,25.1 ,25.9 ,1.2 ,1.1 ,23.1 ,27.1 ,24.1 ,27.6 ,4.2 ,6.2 ,0.5 ,0.7 ,3.4 ,5.0 ,5.1 ,7.3 ,1.7 ,2.3 ,0.2 ,0.3 ,1.3 ,2.0 ,1.8 ,2.8 ,,,,,,,
,Bataan,26.9 ,23.5 ,1.8 ,1.3 ,24.0 ,29.8 ,21.3 ,25.7 ,3.1 ,3.0 ,0.4 ,0.3 ,2.5 ,3.7 ,2.5 ,3.5 ,1.3 ,1.1 ,0.2 ,0.2 ,1.0 ,1.6 ,0.9 ,1.4 ,,,,,,,
,Bulacan,23.2 ,24.6 ,2.6 ,1.2 ,18.9 ,27.4 ,22.7 ,26.6 ,1.1 ,3.7 ,0.2 ,0.4 ,0.8 ,1.5 ,3.0 ,4.4 ,0.5 ,1.4 ,0.1 ,0.2 ,0.3 ,0.7 ,1.0 ,1.7 ,,,,,,,
,Nueva Ecija,22.7 ,23.2 ,1.5 ,1.5 ,20.4 ,25.1 ,20.7 ,25.8 ,2.4 ,4.0 ,0.3 ,0.6 ,1.8 ,2.9 ,3.0 ,4.9 ,0.9 ,1.4 ,0.1 ,0.3 ,0.6 ,1.1 ,0.9 ,1.8 ,,,,,,,
,Pampanga (w/o the City of Angeles),20.5 ,16.6 ,2.0 ,1.5 ,17.1 ,23.8 ,14.2 ,19.0 ,0.8 ,1.1 ,0.2 ,0.2 ,0.4 ,1.2 ,0.8 ,1.4 ,0.3 ,0.3 ,0.1 ,0.1 ,0.1 ,0.5 ,0.2 ,0.4 ,,,,,,,
,City Of Angeles,18.7 ,20.8 ,2.0 ,1.5 ,15.4 ,22.0 ,18.3 ,23.3 ,0.4 ,1.1 ,0.1 ,0.2 ,0.2 ,0.6 ,0.8 ,1.3 ,0.1 ,0.3 ,0.1 ,0.1 ,0.0 ,0.2 ,0.2 ,0.4 ,,,,,,,
,Tarlac,22.8 ,23.0 ,1.7 ,1.2 ,19.9 ,25.6 ,21.1 ,25.0 ,2.4 ,3.0 ,0.3 ,0.3 ,1.9 ,2.8 ,2.5 ,3.5 ,0.8 ,1.1 ,0.1 ,0.1 ,0.6 ,1.1 ,0.9 ,1.3 ,,,,,,,
,Zambales (w/o the City of Olongapo),28.1 ,25.3 ,1.4 ,1.3 ,25.8 ,30.3 ,23.2 ,27.4 ,5.4 ,6.4 ,0.6 ,0.6 ,4.4 ,6.5 ,5.5 ,7.3 ,2.4 ,2.4 ,0.4 ,0.3 ,1.8 ,3.0 ,2.0 ,2.9 ,,,,,,,
,City Of Olongapo,22.3 ,23.3 ,2.0 ,1.3 ,19.0 ,25.6 ,21.1 ,25.4 ,2.1 ,3.0 ,0.3 ,0.4 ,1.6 ,2.6 ,2.4 ,3.6 ,0.8 ,1.1 ,0.2 ,0.2 ,0.5 ,1.1 ,0.8 ,1.4 ,,,,,,,
,,,,,,,,,,,,,,,,,,,,,,,,,,,,,,,,
,Region IV-A (CALABARZON),23.6 ,22.6 ,1.0 ,0.7 ,22.0 ,25.2 ,21.4 ,23.8 ,1.8 ,2.4 ,0.1 ,0.2 ,1.6 ,2.1 ,2.1 ,2.7 ,0.7 ,0.8 ,0.1 ,0.1 ,0.6 ,0.8 ,0.7 ,1.0 ,,,,,,,
,Batangas,22.9 ,19.2 ,1.3 ,1.6 ,20.7 ,25.0 ,16.6 ,21.8 ,3.0 ,1.3 ,0.4 ,0.2 ,2.4 ,3.6 ,1.0 ,1.7 ,1.0 ,0.4 ,0.2 ,0.1 ,0.8 ,1.3 ,0.3 ,0.5 ,,,,,,,
,Cavite,24.4 ,20.7 ,2.2 ,1.4 ,20.8 ,28.0 ,18.4 ,23.0 ,1.5 ,2.2 ,0.3 ,0.3 ,1.1 ,1.9 ,1.8 ,2.7 ,0.6 ,0.7 ,0.1 ,0.1 ,0.4 ,0.8 ,0.5 ,1.0 ,,,,,,,
,Laguna,25.0 ,23.1 ,4.1 ,1.9 ,18.3 ,31.7 ,20.0 ,26.2 ,1.3 ,2.3 ,0.3 ,0.4 ,0.7 ,1.8 ,1.6 ,3.0 ,0.6 ,0.9 ,0.2 ,0.2 ,0.2 ,0.9 ,0.5 ,1.2 ,,,,,,,
,Quezon (w/o the City of Lucena),21.6 ,25.8 ,1.4 ,1.3 ,19.3 ,23.9 ,23.7 ,27.9 ,2.9 ,6.1 ,0.4 ,0.7 ,2.1 ,3.6 ,5.0 ,7.3 ,1.0 ,2.3 ,0.2 ,0.3 ,0.7 ,1.4 ,1.8 ,2.8 ,,,,,,,
,City Of Lucena,31.4 ,19.2 ,3.9 ,1.4 ,24.9 ,37.8 ,16.9 ,21.5 ,2.0 ,1.9 ,0.4 ,0.3 ,1.3 ,2.6 ,1.4 ,2.4 ,1.0 ,0.5 ,0.3 ,0.1 ,0.6 ,1.5 ,0.4 ,0.7 ,,,,,,,
,Rizal,25.1 ,23.3 ,2.9 ,1.7 ,20.4 ,29.9 ,20.4 ,26.1 ,1.2 ,1.4 ,0.3 ,0.2 ,0.8 ,1.6 ,1.0 ,1.8 ,0.5 ,0.5 ,0.1 ,0.1 ,0.3 ,0.7 ,0.3 ,0.7 ,,,,,,,
,,,,,,,,,,,,,,,,,,,,,,,,,,,,,,,,
,MIMAROPA Region,24.3 ,26.4 ,0.8 ,0.7 ,23.0 ,25.6 ,25.3 ,27.4 ,3.7 ,5.1 ,0.2 ,0.3 ,3.3 ,4.1 ,4.6 ,5.6 ,1.4 ,1.9 ,0.1 ,0.1 ,1.2 ,1.6 ,1.7 ,2.2 ,,,,,,,
,Marinduque,23.2 ,23.7 ,1.2 ,1.1 ,21.1 ,25.2 ,21.9 ,25.5 ,3.3 ,4.4 ,0.4 ,0.4 ,2.7 ,3.9 ,3.7 ,5.2 ,1.2 ,1.5 ,0.2 ,0.2 ,0.9 ,1.5 ,1.2 ,1.8 ,,,,,,,
,Occidental Mindoro,25.7 ,28.8 ,1.7 ,1.1 ,23.0 ,28.4 ,27.1 ,30.6 ,5.7 ,7.2 ,0.7 ,0.8 ,4.5 ,6.9 ,5.9 ,8.4 ,2.3 ,2.9 ,0.4 ,0.3 ,1.6 ,2.9 ,2.3 ,3.5 ,,,,,,,
,Oriental Mindoro,25.5 ,26.7 ,1.7 ,1.8 ,22.7 ,28.4 ,23.7 ,29.7 ,3.3 ,4.4 ,0.5 ,0.7 ,2.5 ,4.1 ,3.3 ,5.5 ,1.4 ,1.7 ,0.2 ,0.3 ,1.0 ,1.8 ,1.2 ,2.3 ,,,,,,,
,Palawan (w/o the City of Puerto Princesa),23.1 ,26.9 ,1.9 ,1.4 ,20.0 ,26.3 ,24.7 ,29.2 ,3.2 ,5.0 ,0.5 ,0.7 ,2.4 ,4.0 ,3.9 ,6.1 ,1.2 ,2.0 ,0.3 ,0.3 ,0.8 ,1.6 ,1.5 ,2.5 ,,,,,,,
,City Of Puerto Princesa ,16.6 ,19.2 ,1.9 ,1.4 ,13.5 ,19.8 ,16.9 ,21.5 ,0.6 ,1.5 ,0.2 ,0.3 ,0.4 ,0.9 ,1.0 ,2.0 ,0.2 ,0.4 ,0.1 ,0.1 ,0.1 ,0.3 ,0.3 ,0.6 ,,,,,,,
,Romblon,24.0 ,24.6 ,1.1 ,1.0 ,22.3 ,25.7 ,23.0 ,26.2 ,5.8 ,7.9 ,0.6 ,0.6 ,4.9 ,6.8 ,6.9 ,8.9 ,2.1 ,2.7 ,0.3 ,0.3 ,1.6 ,2.5 ,2.3 ,3.2 ,,,,,,,
,,,,,,,,,,,,,,,,,,,,,,,,,,,,,,,,
,Region V (Bicol Region),24.2 ,27.7 ,0.5 ,0.7 ,23.3 ,25.0 ,26.5 ,28.8 ,5.2 ,7.2 ,0.2 ,0.4 ,4.8 ,5.6 ,6.6 ,7.9 ,1.9 ,2.9 ,0.1 ,0.2 ,1.7 ,2.1 ,2.6 ,3.3 ,,,,,,,
,Albay,21.7 ,25.2 ,1.1 ,1.2 ,20.0 ,23.5 ,23.2 ,27.2 ,3.5 ,4.7 ,0.4 ,0.5 ,2.9 ,4.1 ,3.8 ,5.6 ,1.2 ,1.7 ,0.2 ,0.2 ,0.9 ,1.4 ,1.3 ,2.1 ,,,,,,,
,Camarines Norte,25.6 ,24.1 ,1.2 ,1.0 ,23.6 ,27.6 ,22.5 ,25.8 ,6.4 ,5.1 ,0.6 ,0.5 ,5.5 ,7.3 ,4.2 ,5.9 ,2.5 ,1.9 ,0.3 ,0.2 ,2.0 ,2.9 ,1.5 ,2.2 ,,,,,,,
,Camarines Sur,25.4 ,32.3 ,1.2 ,1.3 ,23.5 ,27.4 ,30.2 ,34.5 ,4.9 ,11.2 ,0.5 ,1.1 ,4.0 ,5.8 ,9.4 ,13.0 ,1.9 ,5.0 ,0.2 ,0.6 ,1.5 ,2.3 ,4.0 ,6.0 ,,,,,,,
,Catanduanes,26.7 ,23.6 ,1.3 ,1.2 ,24.5 ,28.9 ,21.6 ,25.5 ,5.2 ,4.1 ,0.6 ,0.4 ,4.3 ,6.1 ,3.4 ,4.8 ,2.0 ,1.4 ,0.3 ,0.2 ,1.6 ,2.5 ,1.1 ,1.7 ,,,,,,,
,Masbate,23.9 ,23.3 ,1.0 ,1.1 ,22.3 ,25.5 ,21.6 ,25.1 ,7.0 ,5.8 ,0.6 ,0.5 ,6.0 ,8.1 ,4.9 ,6.7 ,2.5 ,2.0 ,0.3 ,0.2 ,2.0 ,2.9 ,1.6 ,2.4 ,,,,,,,
,Sorsogon,22.9 ,23.6 ,1.0 ,0.9 ,21.3 ,24.6 ,22.0 ,25.1 ,5.6 ,6.2 ,0.5 ,0.5 ,4.9 ,6.4 ,5.3 ,7.1 ,2.0 ,2.2 ,0.2 ,0.2 ,1.7 ,2.3 ,1.8 ,2.5 ,,,,,,,
,,,,,,,,,,,,,,,,,,,,,,,,,,,,,,,,
,Region VI (Western Visayas),23.0 ,25.3 ,0.8 ,0.7 ,21.7 ,24.3 ,24.2 ,26.4 ,3.7 ,4.9 ,0.3 ,0.3 ,3.2 ,4.1 ,4.4 ,5.4 ,1.3 ,1.8 ,0.1 ,0.1 ,1.1 ,1.5 ,1.6 ,2.0 ,,,,,,,
,Aklan,21.1 ,24.7 ,1.6 ,1.0 ,18.5 ,23.8 ,23.0 ,26.5 ,3.1 ,4.5 ,0.4 ,0.5 ,2.4 ,3.8 ,3.8 ,5.3 ,1.1 ,1.6 ,0.2 ,0.2 ,0.7 ,1.4 ,1.3 ,2.0 ,,,,,,,
,Antique,25.7 ,29.1 ,1.2 ,1.3 ,23.6 ,27.7 ,27.0 ,31.1 ,4.7 ,6.4 ,0.5 ,0.7 ,3.9 ,5.5 ,5.2 ,7.5 ,1.9 ,2.5 ,0.3 ,0.3 ,1.5 ,2.3 ,2.0 ,3.1 ,,,,,,,
,Capiz,18.0 ,16.4 ,1.7 ,1.7 ,15.1 ,20.9 ,13.7 ,19.1 ,1.0 ,1.6 ,0.2 ,0.3 ,0.7 ,1.3 ,1.1 ,2.0 ,0.3 ,0.4 ,0.1 ,0.1 ,0.2 ,0.5 ,0.3 ,0.6 ,,,,,,,
,Guimaras,19.7 ,22.7 ,1.6 ,1.8 ,17.2 ,22.3 ,19.6 ,25.7 ,2.5 ,4.3 ,0.3 ,0.7 ,1.9 ,3.1 ,3.2 ,5.4 ,0.8 ,1.5 ,0.1 ,0.3 ,0.5 ,1.0 ,1.0 ,1.9 ,,,,,,,
,Iloilo (w/o the City of Iloilo),20.8 ,27.0 ,1.2 ,1.6 ,18.9 ,22.7 ,24.4 ,29.6 ,3.8 ,5.5 ,0.4 ,0.7 ,3.1 ,4.5 ,4.3 ,6.6 ,1.2 ,2.2 ,0.2 ,0.4 ,0.9 ,1.5 ,1.6 ,2.7 ,,,,,,,
,City Of Iloilo ,19.7 ,21.4 ,2.0 ,1.3 ,16.4 ,23.1 ,19.3 ,23.5 ,0.9 ,1.8 ,0.2 ,0.3 ,0.6 ,1.1 ,1.4 ,2.2 ,0.3 ,0.6 ,0.1 ,0.1 ,0.2 ,0.4 ,0.4 ,0.7 ,,,,,,,
,Negros Occidental (w/o the City of Bacolod),25.1 ,25.5 ,1.5 ,1.0 ,22.7 ,27.6 ,23.9 ,27.1 ,5.4 ,6.6 ,0.7 ,0.7 ,4.3 ,6.5 ,5.5 ,7.7 ,2.0 ,2.4 ,0.3 ,0.3 ,1.5 ,2.5 ,1.9 ,2.9 ,,,,,,,
,City Of Bacolod ,16.6 ,17.0 ,1.8 ,1.5 ,13.6 ,19.6 ,14.6 ,19.4 ,0.8 ,1.0 ,0.1 ,0.2 ,0.6 ,1.0 ,0.7 ,1.2 ,0.2 ,0.3 ,0.1 ,0.1 ,0.1 ,0.3 ,0.2 ,0.4 ,,,,,,,
,,,,,,,,,,,,,,,,,,,,,,,,,,,,,,,,
5,Region VII (Central Visayas),26.6 ,30.9 ,0.8 ,0.6 ,25.3 ,27.8 ,29.9 ,32.0 ,5.1 ,8.3 ,0.3 ,0.5 ,4.6 ,5.5 ,7.5 ,9.0 ,2.1 ,3.6 ,0.1 ,0.2 ,1.8 ,2.3 ,3.2 ,4.0 ,,,,,,,
6,Bohol,27.4 ,29.9 ,1.2 ,1.3 ,25.5 ,29.4 ,27.8 ,32.0 ,5.8 ,7.9 ,0.6 ,0.7 ,4.8 ,6.8 ,6.7 ,9.1 ,2.3 ,3.4 ,0.3 ,0.4 ,1.9 ,2.8 ,2.8 ,4.1 ,,,,,,,
,"Cebu (w/o the Cities of Cebu, Lapu-Lapu and Mandaue)",23.9 ,32.6 ,1.4 ,1.0 ,21.6 ,26.2 ,31.0 ,34.2 ,5.0 ,11.2 ,0.5 ,1.0 ,4.2 ,5.9 ,9.6 ,12.8 ,1.9 ,5.0 ,0.3 ,0.5 ,1.5 ,2.3 ,4.2 ,5.8 ,,,,,,,
,City Of Cebu ,25.2 ,25.8 ,1.7 ,1.5 ,22.4 ,27.9 ,23.3 ,28.3 ,2.6 ,4.2 ,0.4 ,0.5 ,2.0 ,3.2 ,3.4 ,4.9 ,1.0 ,1.7 ,0.2 ,0.2 ,0.7 ,1.3 ,1.3 ,2.1 ,,,,,,,
,City Of Lapu-Lapu (Opon),25.5 ,24.9 ,2.0 ,1.3 ,22.2 ,28.8 ,22.8 ,27.0 ,2.0 ,3.2 ,0.3 ,0.4 ,1.4 ,2.5 ,2.5 ,3.8 ,0.8 ,1.2 ,0.2 ,0.2 ,0.5 ,1.1 ,0.9 ,1.5 ,,,,,,,
,City Of Mandaue,25.7 ,23.5 ,2.4 ,1.1 ,21.8 ,29.6 ,21.6 ,25.3 ,2.4 ,2.9 ,0.4 ,0.3 ,1.9 ,3.0 ,2.4 ,3.4 ,1.1 ,1.0 ,0.2 ,0.1 ,0.7 ,1.5 ,0.8 ,1.2 ,,,,,,,
,Negros Oriental,31.1 ,31.3 ,1.4 ,1.4 ,28.8 ,33.4 ,29.1 ,33.6 ,8.2 ,8.8 ,0.9 ,0.9 ,6.7 ,9.7 ,7.3 ,10.2 ,3.8 ,3.9 ,0.5 ,0.5 ,3.0 ,4.6 ,3.1 ,4.7 ,,,,,,,
,Siquijor ,21.2 ,17.0 ,1.8 ,3.0 ,18.3 ,24.1 ,12.1 ,22.0 ,2.1 ,0.7 ,0.4 ,0.3 ,1.5 ,2.8 ,0.3 ,1.1 ,0.7 ,0.2 ,0.2 ,0.1 ,0.4 ,0.9 ,0.1 ,0.4 ,,,,,,,
,,,,,,,,,,,,,,,,,,,,,,,,,,,,,,,,
,Region VIII (Eastern Visayas),29.7 ,29.7 ,0.7 ,0.7 ,28.6 ,30.7 ,28.6 ,30.7 ,9.0 ,8.6 ,0.4 ,0.5 ,8.3 ,9.7 ,7.8 ,9.3 ,4.0 ,3.6 ,0.2 ,0.2 ,3.6 ,4.4 ,3.2 ,4.0 ,,,,,,,
,Biliran,22.8 ,26.4 ,1.1 ,1.1 ,21.0 ,24.7 ,24.6 ,28.2 ,4.1 ,5.9 ,0.4 ,0.6 ,3.5 ,4.8 ,5.0 ,6.9 ,1.4 ,2.2 ,0.2 ,0.3 ,1.2 ,1.7 ,1.8 ,2.7 ,,,,,,,
,Eastern Samar,31.2 ,30.2 ,1.0 ,0.8 ,29.5 ,32.8 ,28.8 ,31.6 ,13.4 ,10.9 ,0.9 ,0.9 ,11.9 ,14.9 ,9.4 ,12.3 ,6.0 ,4.2 ,0.5 ,0.4 ,5.2 ,6.8 ,3.6 ,4.9 ,,,,,,,
,Leyte (w/o the City of Tacloban),30.5 ,32.8 ,1.3 ,1.2 ,28.4 ,32.6 ,30.8 ,34.7 ,9.6 ,10.3 ,0.9 ,1.0 ,8.1 ,11.0 ,8.6 ,11.9 ,4.3 ,4.6 ,0.5 ,0.5 ,3.4 ,5.1 ,3.7 ,5.5 ,,,,,,,
,City Of Tacloban ,27.1 ,25.0 ,1.6 ,1.5 ,24.4 ,29.8 ,22.6 ,27.4 ,3.6 ,3.7 ,0.4 ,0.4 ,2.9 ,4.2 ,3.0 ,4.3 ,1.6 ,1.4 ,0.2 ,0.2 ,1.2 ,1.9 ,1.1 ,1.7 ,,,,,,,
,Northern Samar,28.0 ,23.0 ,1.1 ,1.0 ,26.3 ,29.8 ,21.4 ,24.6 ,8.4 ,5.3 ,0.7 ,0.5 ,7.3 ,9.6 ,4.6 ,6.1 ,3.5 ,1.8 ,0.3 ,0.2 ,2.9 ,4.0 ,1.5 ,2.1 ,,,,,,,
,Southern Leyte,26.0 ,26.9 ,1.3 ,1.1 ,23.8 ,28.1 ,25.1 ,28.8 ,5.9 ,6.9 ,0.6 ,0.6 ,5.0 ,6.9 ,5.9 ,7.8 ,2.6 ,2.7 ,0.3 ,0.3 ,2.0 ,3.1 ,2.3 ,3.2 ,,,,,,,
,Western Samar,30.3 ,27.2 ,1.5 ,1.2 ,27.8 ,32.8 ,25.3 ,29.2 ,9.8 ,8.2 ,0.9 ,0.8 ,8.2 ,11.3 ,6.9 ,9.4 ,4.5 ,3.2 ,0.5 ,0.4 ,3.6 ,5.4 ,2.6 ,3.9 ,,,,,,,
,,,,,,,,,,,,,,,,,,,,,,,,,,,,,,,,
,Region IX (Zamboanga Peninsula),30.4 ,32.0 ,0.7 ,0.8 ,29.3 ,31.5 ,30.7 ,33.3 ,9.8 ,9.9 ,0.5 ,0.5 ,9.1 ,10.6 ,9.1 ,10.7 ,4.4 ,4.5 ,0.3 ,0.3 ,3.9 ,4.8 ,4.1 ,5.0 ,,,,,,,
,Zamboanga del Norte,31.5 ,37.6 ,1.2 ,1.3 ,29.5 ,33.4 ,35.4 ,39.8 ,13.1 ,20.2 ,1.1 ,1.4 ,11.3 ,14.9 ,17.9 ,22.5 ,5.8 ,10.2 ,0.6 ,0.9 ,4.8 ,6.8 ,8.7 ,11.8 ,,,,,,,
8,Zamboanga del Sur (w/o the City of Zamboanga),29.4 ,29.6 ,1.3 ,1.4 ,27.2 ,31.6 ,27.3 ,31.9 ,10.5 ,8.8 ,1.0 ,1.0 ,8.9 ,12.1 ,7.2 ,10.3 ,4.5 ,3.7 ,0.5 ,0.5 ,3.7 ,5.4 ,2.8 ,4.5 ,,,,,,,
9,City Of Zamboanga,23.0 ,16.6 ,1.4 ,1.2 ,20.7 ,25.3 ,14.6 ,18.7 ,2.8 ,1.3 ,0.3 ,0.2 ,2.3 ,3.4 ,1.0 ,1.6 ,1.1 ,0.3 ,0.2 ,0.1 ,0.8 ,1.4 ,0.2 ,0.4 ,,,,,,,
,Zamboanga Sibugay,32.1 ,26.5 ,1.2 ,0.9 ,30.2 ,34.0 ,25.1 ,28.0 ,11.6 ,7.9 ,1.0 ,0.6 ,9.9 ,13.3 ,6.8 ,8.9 ,5.3 ,3.0 ,0.6 ,0.3 ,4.3 ,6.2 ,2.5 ,3.5 ,,,,,,,
,Isabela City ,34.9 ,24.4 ,1.8 ,1.6 ,31.9 ,37.9 ,21.8 ,27.0 ,18.6 ,5.8 ,1.6 ,0.8 ,15.9 ,21.2 ,4.5 ,7.0 ,9.1 ,2.1 ,1.0 ,0.4 ,7.4 ,10.8 ,1.5 ,2.7 ,,,,,,,
,,,,,,,,,,,,,,,,,,,,,,,,,,,,,,,,
12,Region X (Northern Mindanao),26.5 ,27.9 ,0.5 ,0.7 ,25.7 ,27.3 ,26.7 ,29.1 ,6.8 ,7.3 ,0.3 ,0.4 ,6.3 ,7.2 ,6.6 ,8.0 ,2.7 ,2.9 ,0.1 ,0.2 ,2.5 ,2.9 ,2.6 ,3.3 ,,,,,,,
13,Bukidnon,26.0 ,31.0 ,0.8 ,1.4 ,24.6 ,27.4 ,28.6 ,33.3 ,8.4 ,10.2 ,0.7 ,1.1 ,7.3 ,9.5 ,8.4 ,12.0 ,3.2 ,4.4 ,0.3 ,0.6 ,2.7 ,3.7 ,3.4 ,5.4 ,,,,,,,
14,Camiguin,25.0 ,26.1 ,1.4 ,1.8 ,22.8 ,27.2 ,23.2 ,29.0 ,5.9 ,4.6 ,0.7 ,0.5 ,4.8 ,7.1 ,3.8 ,5.4 ,2.3 ,1.8 ,0.3 ,0.3 ,1.7 ,2.8 ,1.3 ,2.2 ,,,,,,,
,Lanao del Norte (w/o the City of Iligan),24.4 ,31.3 ,1.1 ,1.6 ,22.6 ,26.1 ,28.7 ,34.0 ,6.2 ,12.2 ,0.6 ,1.4 ,5.3 ,7.1 ,10.0 ,14.5 ,2.3 ,5.3 ,0.3 ,0.7 ,1.9 ,2.7 ,4.1 ,6.5 ,,,,,,,
,City Of Iligan,26.4 ,24.5 ,1.7 ,1.3 ,23.7 ,29.2 ,22.3 ,26.7 ,5.3 ,4.2 ,0.8 ,0.5 ,4.0 ,6.5 ,3.4 ,5.0 ,2.1 ,1.6 ,0.4 ,0.2 ,1.5 ,2.7 ,1.2 ,1.9 ,,,,,,,
,Misamis Occidental,28.8 ,21.2 ,1.4 ,0.9 ,26.6 ,31.0 ,19.8 ,22.7 ,9.4 ,5.0 ,0.8 ,0.5 ,8.1 ,10.7 ,4.1 ,5.8 ,4.0 ,1.6 ,0.5 ,0.2 ,3.2 ,4.8 ,1.3 ,1.9 ,,,,,,,
,Misamis Oriental (w/o the City of Cagayan de Oro),26.9 ,25.5 ,1.1 ,0.8 ,25.2 ,28.7 ,24.1 ,26.8 ,6.8 ,6.5 ,0.5 ,0.6 ,6.0 ,7.6 ,5.5 ,7.4 ,2.7 ,2.3 ,0.2 ,0.2 ,2.3 ,3.1 ,1.9 ,2.7 ,,,,,,,
,City of Cagayan De Oro,26.9 ,21.8 ,1.7 ,1.3 ,24.1 ,29.6 ,19.6 ,24.0 ,3.0 ,2.5 ,0.3 ,0.3 ,2.4 ,3.5 ,2.0 ,3.0 ,1.2 ,0.8 ,0.2 ,0.1 ,0.9 ,1.5 ,0.6 ,1.0 ,,,,,,,
,,,,,,,,,,,,,,,,,,,,,,,,,,,,,,,,
,Region XI (Davao Region),25.1 ,24.3 ,0.7 ,0.7 ,23.9 ,26.3 ,23.3 ,25.4 ,4.5 ,3.4 ,0.3 ,0.2 ,4.0 ,4.9 ,3.1 ,3.7 ,1.7 ,1.3 ,0.1 ,0.1 ,1.5 ,1.9 ,1.1 ,1.4 ,,,,,,,
,Davao del Norte,22.5 ,22.5 ,1.7 ,1.9 ,19.7 ,25.2 ,19.4 ,25.6 ,3.3 ,3.0 ,0.5 ,0.5 ,2.5 ,4.0 ,2.2 ,3.9 ,1.2 ,1.1 ,0.2 ,0.3 ,0.9 ,1.6 ,0.7 ,1.5 ,,,,,,,
,Davao del Sur (w/o the City of Davao),22.7 ,23.0 ,1.1 ,1.5 ,20.8 ,24.6 ,20.5 ,25.6 ,4.3 ,3.0 ,0.4 ,0.4 ,3.5 ,5.0 ,2.3 ,3.8 ,1.4 ,1.0 ,0.2 ,0.2 ,1.1 ,1.7 ,0.7 ,1.4 ,,,,,,,
,City Of Davao,25.7 ,22.3 ,3.6 ,1.9 ,19.8 ,31.6 ,19.2 ,25.3 ,2.0 ,1.3 ,0.6 ,0.3 ,1.0 ,3.0 ,0.9 ,1.7 ,0.8 ,0.5 ,0.3 ,0.1 ,0.3 ,1.3 ,0.3 ,0.6 ,,,,,,,
,Davao Oriental,25.3 ,24.5 ,0.9 ,1.3 ,23.7 ,26.8 ,22.4 ,26.7 ,8.2 ,6.0 ,0.7 ,0.7 ,7.1 ,9.3 ,4.8 ,7.2 ,2.9 ,2.1 ,0.3 ,0.3 ,2.5 ,3.4 ,1.6 ,2.7 ,,,,,,,
,Compostela Valley,26.3 ,24.6 ,0.9 ,1.4 ,24.9 ,27.8 ,22.3 ,26.8 ,6.8 ,5.3 ,0.6 ,0.7 ,5.9 ,7.7 ,4.2 ,6.5 ,2.6 ,2.0 ,0.3 ,0.3 ,2.2 ,3.1 ,1.5 ,2.5 ,,,,,,,
,Davao Occidental,27.9 ,29.9 ,1.3 ,1.8 ,25.7 ,30.1 ,26.8 ,32.9 ,10.5 ,9.5 ,1.0 ,1.2 ,8.9 ,12.2 ,7.5 ,11.4 ,4.2 ,4.1 ,0.5 ,0.7 ,3.3 ,5.1 ,3.0 ,5.2 ,,,,,,,
,,,,,,,,,,,,,,,,,,,,,,,,,,,,,,,,
,Region XII (SOCCSKSARGEN),32.2 ,30.2 ,0.8 ,0.6 ,31.0 ,33.5 ,29.2 ,31.2 ,8.8 ,8.2 ,0.5 ,0.4 ,8.0 ,9.5 ,7.5 ,8.8 ,4.0 ,3.5 ,0.3 ,0.2 ,3.6 ,4.5 ,3.2 ,3.9 ,,,,,,,
,North Cotabato,32.5 ,27.2 ,1.3 ,1.1 ,30.4 ,34.7 ,25.3 ,29.0 ,8.3 ,7.6 ,0.9 ,0.8 ,6.9 ,9.8 ,6.2 ,8.9 ,3.7 ,3.0 ,0.5 ,0.4 ,2.9 ,4.5 ,2.4 ,3.7 ,,,,,,,
,Sarangani,35.2 ,35.8 ,1.7 ,1.3 ,32.3 ,38.1 ,33.6 ,37.9 ,14.4 ,15.1 ,1.6 ,1.2 ,11.8 ,16.9 ,13.0 ,17.1 ,7.0 ,7.4 ,1.0 ,0.7 ,5.4 ,8.6 ,6.2 ,8.6 ,,,,,,,
,South Cotabato (w/o the City of Gen. Santos),29.6 ,32.1 ,3.0 ,1.9 ,24.6 ,34.5 ,29.1 ,35.2 ,6.3 ,7.2 ,1.2 ,1.0 ,4.4 ,8.2 ,5.6 ,8.9 ,2.8 ,3.2 ,0.7 ,0.6 ,1.6 ,4.0 ,2.3 ,4.2 ,,,,,,,
,City Of General Santos (Dadiangas),26.4 ,32.0 ,1.6 ,1.7 ,23.7 ,29.1 ,29.1 ,34.8 ,4.0 ,5.0 ,0.5 ,0.5 ,3.2 ,4.9 ,4.1 ,5.8 ,1.8 ,2.3 ,0.3 ,0.3 ,1.3 ,2.3 ,1.8 ,2.8 ,,,,,,,
,Sultan Kudarat,33.9 ,27.4 ,1.3 ,1.1 ,31.8 ,36.1 ,25.7 ,29.2 ,11.1 ,7.1 ,1.0 ,0.8 ,9.4 ,12.7 ,5.8 ,8.4 ,5.2 ,2.7 ,0.6 ,0.3 ,4.2 ,6.1 ,2.2 ,3.3 ,,,,,,,
,Cotabato City,31.2 ,28.8 ,1.4 ,1.2 ,29.0 ,33.4 ,26.8 ,30.8 ,13.1 ,12.1 ,1.1 ,1.0 ,11.3 ,15.0 ,10.4 ,13.7 ,5.9 ,4.7 ,0.7 ,0.5 ,4.7 ,7.0 ,3.9 ,5.6 ,,,,,,,
,,,,,,,,,,,,,,,,,,,,,,,,,,,,,,,,
,Region XIII (Caraga),26.8 ,29.9 ,0.5 ,0.6 ,26.0 ,27.6 ,29.0 ,30.8 ,7.6 ,9.3 ,0.3 ,0.4 ,7.1 ,8.1 ,8.6 ,9.9 ,2.9 ,3.9 ,0.1 ,0.2 ,2.7 ,3.2 ,3.6 ,4.2 ,,,,,,,
,Agusan del Norte (w/o the City of Butuan),25.8 ,27.8 ,1.2 ,1.1 ,23.8 ,27.7 ,26.0 ,29.6 ,6.8 ,8.1 ,0.7 ,0.7 ,5.7 ,7.9 ,7.0 ,9.2 ,2.6 ,3.2 ,0.3 ,0.3 ,2.1 ,3.2 ,2.6 ,3.7 ,,,,,,,
,City Of Butuan,24.1 ,29.9 ,1.0 ,1.2 ,22.4 ,25.8 ,27.9 ,31.8 ,4.7 ,7.9 ,0.5 ,0.7 ,3.9 ,5.5 ,6.7 ,9.2 ,1.7 ,3.3 ,0.2 ,0.4 ,1.4 ,2.1 ,2.7 ,3.9 ,,,,,,,
,Agusan del Sur,27.4 ,31.2 ,1.0 ,1.0 ,25.7 ,29.1 ,29.6 ,32.8 ,8.9 ,12.4 ,0.8 ,0.9 ,7.6 ,10.2 ,10.8 ,13.9 ,3.4 ,5.2 ,0.4 ,0.5 ,2.8 ,4.1 ,4.5 ,6.0 ,,,,,,,
,Surigao Del Norte,28.2 ,32.2 ,0.9 ,1.7 ,26.7 ,29.8 ,29.4 ,35.0 ,9.1 ,8.8 ,0.8 ,1.0 ,7.8 ,10.5 ,7.2 ,10.5 ,3.6 ,4.1 ,0.4 ,0.6 ,3.0 ,4.2 ,3.1 ,5.2 ,,,,,,,
,Surigao Del Sur,25.4 ,27.3 ,1.0 ,1.2 ,23.7 ,27.2 ,25.4 ,29.2 ,6.1 ,7.6 ,0.6 ,0.8 ,5.1 ,7.1 ,6.4 ,8.9 ,2.2 ,3.0 ,0.3 ,0.4 ,1.8 ,2.7 ,2.4 ,3.6 ,,,,,,,
,Dinagat Islands,28.9 ,28.1 ,1.5 ,1.7 ,26.4 ,31.4 ,25.4 ,30.9 ,10.6 ,8.5 ,1.1 ,0.9 ,8.9 ,12.3 ,7.0 ,10.1 ,4.5 ,3.4 ,0.6 ,0.5 ,3.5 ,5.4 ,2.6 ,4.3 ,,,,,,,
,,,,,,,,,,,,,,,,,,,,,,,,,,,,,,,,
,"Autonomous Region in Muslim Mindanao/
Bangsamoro Autonomous Region in Muslim Mindanao (ARMM/BARMM)",33.0 ,28.8 ,0.6 ,0.7 ,32.1 ,33.9 ,27.6 ,30.1 ,18.4 ,11.4 ,0.6 ,0.5 ,17.5 ,19.4 ,10.5 ,12.3 ,8.4 ,4.6 ,0.4 ,0.3 ,7.8 ,9.0 ,4.2 ,5.1 ,,,,,,,
,Basilan,35.3 ,29.5 ,0.9 ,1.2 ,33.8 ,36.8 ,27.6 ,31.5 ,23.1 ,13.8 ,1.1 ,1.2 ,21.2 ,25.0 ,11.9 ,15.7 ,10.6 ,5.7 ,0.7 ,0.6 ,9.5 ,11.7 ,4.7 ,6.6 ,,,,,,,
,Lanao del Sur,36.9 ,14.1 ,1.1 ,1.2 ,35.1 ,38.7 ,12.2 ,16.1 ,25.1 ,1.6 ,1.3 ,0.2 ,23.1 ,27.2 ,1.2 ,2.0 ,12.2 ,0.4 ,0.8 ,0.1 ,10.8 ,13.5 ,0.3 ,0.5 ,,,,,,,
,Maguindanao,31.3 ,26.1 ,1.2 ,1.2 ,29.4 ,33.2 ,24.2 ,28.0 ,15.2 ,9.7 ,1.3 ,1.0 ,13.1 ,17.3 ,8.1 ,11.3 ,6.8 ,3.7 ,0.7 ,0.5 ,5.6 ,8.0 ,2.9 ,4.4 ,,,,,,,
,Sulu,29.5 ,33.9 ,1.0 ,1.5 ,28.0 ,31.1 ,31.4 ,36.4 ,19.7 ,24.4 ,0.9 ,1.7 ,18.2 ,21.2 ,21.6 ,27.2 ,8.3 ,10.9 ,0.6 ,1.1 ,7.3 ,9.2 ,9.1 ,12.6 ,,,,,,,
,Tawi-tawi,27.3 ,26.6 ,2.3 ,0.9 ,23.6 ,31.0 ,25.1 ,28.1 ,4.8 ,10.5 ,0.6 ,1.1 ,3.8 ,5.8 ,8.8 ,12.3 ,2.3 ,3.8 ,0.5 ,0.4 ,1.6 ,3.1 ,3.1 ,4.6 ,,,,,,,
,Note:,,,,,,,,,,,,,,,,,,,,,,,,,,,,,,,
,u=updated; Back estimation of the 2018 first semester poverty statistics was made due to the adoption of the 2015 Census of Population (POPCEN 2015) results for the weights used in the Family Income and Expenditure Survey (FIES) and the urban-rural classification of barangays.,,,,,,,,,,,,,,,,,,,,,,,,,,,,,,,
,,,,,,,,,,,,,,,,,,,,,,,,,,,,,,,,
,,,,,,,,,,,,,,,,,,,,,,,,,,,,,,,,
,,,,,,,,,,,,,,,,,,,,,,,,,,,,,,,,
,,,,,,,,,,,,,,,,,,,,,,,,,,,,,,,,
,,,,,,,,,,,,,,,,,,,,,,,,,,,,,,,,
,,,,,,,,,,,,,,,,,,,,,,,,,,,,,,,,
,,,,,,,,,,,,,,,,,,,,,,,,,,,,,,,,
,,,,,,,,,,,,,,,,,,,,,,,,,,,,,,,,
,,,,,,,,,,,,,,,,,,,,,,,,,,,,,,,,
,,,,,,,,,,,,,,,,,,,,,,,,,,,,,,,,
,,,,,,,,,,,,,,,,,,,,,,,,,,,,,,,,
,,,,,,,,,,,,,,,,,,,,,,,,,,,,,,,,
,,,,,,,,,,,,,,,,,,,,,,,,,,,,,,,,
,,,,,,,,,,,,,,,,,,,,,,,,,,,,,,,,
,,,,,,,,,,,,,,,,,,,,,,,,,,,,,,,,
,,,,,,,,,,,,,,,,,,,,,,,,,,,,,,,,
,,,,,,,,,,,,,,,,,,,,,,,,,,,,,,,,
,,,,,,,,,,,,,,,,,,,,,,,,,,,,,,,,
,,,,,,,,,,,,,,,,,,,,,,,,,,,,,,,,
,,,,,,,,,,,,,,,,,,,,,,,,,,,,,,,,
,,,,,,,,,,,,,,,,,,,,,,,,,,,,,,,,
,,,,,,,,,,,,,,,,,,,,,,,,,,,,,,,,
,,,,,,,,,,,,,,,,,,,,,,,,,,,,,,,,
,,,,,,,,,,,,,,,,,,,,,,,,,,,,,,,,
,,,,,,,,,,,,,,,,,,,,,,,,,,,,,,,,
,,,,,,,,,,,,,,,,,,,,,,,,,,,,,,,,
,,,,,,,,,,,,,,,,,,,,,,,,,,,,,,,,
,,,,,,,,,,,,,,,,,,,,,,,,,,,,,,,,
,,,,,,,,,,,,,,,,,,,,,,,,,,,,,,,,
,,,,,,,,,,,,,,,,,,,,,,,,,,,,,,,,
,,,,,,,,,,,,,,,,,,,,,,,,,,,,,,,,
,,,,,,,,,,,,,,,,,,,,,,,,,,,,,,,,
,,,,,,,,,,,,,,,,,,,,,,,,,,,,,,,,
,,,,,,,,,,,,,,,,,,,,,,,,,,,,,,,,
,,,,,,,,,,,,,,,,,,,,,,,,,,,,,,,,
,,,,,,,,,,,,,,,,,,,,,,,,,,,,,,,,
,,,,,,,,,,,,,,,,,,,,,,,,,,,,,,,,
,,,,,,,,,,,,,,,,,,,,,,,,,,,,,,,,
,,,,,,,,,,,,,,,,,,,,,,,,,,,,,,,,
,,,,,,,,,,,,,,,,,,,,,,,,,,,,,,,,
,,,,,,,,,,,,,,,,,,,,,,,,,,,,,,,,
,,,,,,,,,,,,,,,,,,,,,,,,,,,,,,,,
,,,,,,,,,,,,,,,,,,,,,,,,,,,,,,,,
,,,,,,,,,,,,,,,,,,,,,,,,,,,,,,,,
,,,,,,,,,,,,,,,,,,,,,,,,,,,,,,,,
,,,,,,,,,,,,,,,,,,,,,,,,,,,,,,,,
,,,,,,,,,,,,,,,,,,,,,,,,,,,,,,,,
,,,,,,,,,,,,,,,,,,,,,,,,,,,,,,,,
,,,,,,,,,,,,,,,,,,,,,,,,,,,,,,,,
,,,,,,,,,,,,,,,,,,,,,,,,,,,,,,,,
,,,,,,,,,,,,,,,,,,,,,,,,,,,,,,,,
,,,,,,,,,,,,,,,,,,,,,,,,,,,,,,,,
,,,,,,,,,,,,,,,,,,,,,,,,,,,,,,,,
,,,,,,,,,,,,,,,,,,,,,,,,,,,,,,,,
,,,,,,,,,,,,,,,,,,,,,,,,,,,,,,,,
,,,,,,,,,,,,,,,,,,,,,,,,,,,,,,,,
,,,,,,,,,,,,,,,,,,,,,,,,,,,,,,,,
,,,,,,,,,,,,,,,,,,,,,,,,,,,,,,,,
,,,,,,,,,,,,,,,,,,,,,,,,,,,,,,,,
,,,,,,,,,,,,,,,,,,,,,,,,,,,,,,,,
,,,,,,,,,,,,,,,,,,,,,,,,,,,,,,,,
,,,,,,,,,,,,,,,,,,,,,,,,,,,,,,,,
,,,,,,,,,,,,,,,,,,,,,,,,,,,,,,,,
,,,,,,,,,,,,,,,,,,,,,,,,,,,,,,,,
,,,,,,,,,,,,,,,,,,,,,,,,,,,,,,,,
,,,,,,,,,,,,,,,,,,,,,,,,,,,,,,,,
,,,,,,,,,,,,,,,,,,,,,,,,,,,,,,,,
,,,,,,,,,,,,,,,,,,,,,,,,,,,,,,,,
,,,,,,,,,,,,,,,,,,,,,,,,,,,,,,,,
,,,,,,,,,,,,,,,,,,,,,,,,,,,,,,,,
,,,,,,,,,,,,,,,,,,,,,,,,,,,,,,,,
,,,,,,,,,,,,,,,,,,,,,,,,,,,,,,,,
,,,,,,,,,,,,,,,,,,,,,,,,,,,,,,,,
,,,,,,,,,,,,,,,,,,,,,,,,,,,,,,,,
,,,,,,,,,,,,,,,,,,,,,,,,,,,,,,,,
,,,,,,,,,,,,,,,,,,,,,,,,,,,,,,,,
,,,,,,,,,,,,,,,,,,,,,,,,,,,,,,,,
,,,,,,,,,,,,,,,,,,,,,,,,,,,,,,,,
,,,,,,,,,,,,,,,,,,,,,,,,,,,,,,,,
,,,,,,,,,,,,,,,,,,,,,,,,,,,,,,,,
,,,,,,,,,,,,,,,,,,,,,,,,,,,,,,,,
,,,,,,,,,,,,,,,,,,,,,,,,,,,,,,,,
,,,,,,,,,,,,,,,,,,,,,,,,,,,,,,,,
,,,,,,,,,,,,,,,,,,,,,,,,,,,,,,,,
,,,,,,,,,,,,,,,,,,,,,,,,,,,,,,,,
,,,,,,,,,,,,,,,,,,,,,,,,,,,,,,,,
,,,,,,,,,,,,,,,,,,,,,,,,,,,,,,,,
,,,,,,,,,,,,,,,,,,,,,,,,,,,,,,,,
,,,,,,,,,,,,,,,,,,,,,,,,,,,,,,,,
,,,,,,,,,,,,,,,,,,,,,,,,,,,,,,,,
,,,,,,,,,,,,,,,,,,,,,,,,,,,,,,,,
,,,,,,,,,,,,,,,,,,,,,,,,,,,,,,,,
,,,,,,,,,,,,,,,,,,,,,,,,,,,,,,,,
,,,,,,,,,,,,,,,,,,,,,,,,,,,,,,,,
,,,,,,,,,,,,,,,,,,,,,,,,,,,,,,,,
,,,,,,,,,,,,,,,,,,,,,,,,,,,,,,,,
,,,,,,,,,,,,,,,,,,,,,,,,,,,,,,,,
,,,,,,,,,,,,,,,,,,,,,,,,,,,,,,,,
,,,,,,,,,,,,,,,,,,,,,,,,,,,,,,,,
,,,,,,,,,,,,,,,,,,,,,,,,,,,,,,,,
,,,,,,,,,,,,,,,,,,,,,,,,,,,,,,,,
,,,,,,,,,,,,,,,,,,,,,,,,,,,,,,,,
,,,,,,,,,,,,,,,,,,,,,,,,,,,,,,,,
,,,,,,,,,,,,,,,,,,,,,,,,,,,,,,,,
,,,,,,,,,,,,,,,,,,,,,,,,,,,,,,,,
,,,,,,,,,,,,,,,,,,,,,,,,,,,,,,,,
,,,,,,,,,,,,,,,,,,,,,,,,,,,,,,,,
,,,,,,,,,,,,,,,,,,,,,,,,,,,,,,,,
,,,,,,,,,,,,,,,,,,,,,,,,,,,,,,,,
,,,,,,,,,,,,,,,,,,,,,,,,,,,,,,,,
,,,,,,,,,,,,,,,,,,,,,,,,,,,,,,,,
,,,,,,,,,,,,,,,,,,,,,,,,,,,,,,,,
,,,,,,,,,,,,,,,,,,,,,,,,,,,,,,,,
,,,,,,,,,,,,,,,,,,,,,,,,,,,,,,,,
,,,,,,,,,,,,,,,,,,,,,,,,,,,,,,,,
,,,,,,,,,,,,,,,,,,,,,,,,,,,,,,,,
,,,,,,,,,,,,,,,,,,,,,,,,,,,,,,,,
,,,,,,,,,,,,,,,,,,,,,,,,,,,,,,,,
,,,,,,,,,,,,,,,,,,,,,,,,,,,,,,,,
,,,,,,,,,,,,,,,,,,,,,,,,,,,,,,,,
,,,,,,,,,,,,,,,,,,,,,,,,,,,,,,,,
,,,,,,,,,,,,,,,,,,,,,,,,,,,,,,,,
,,,,,,,,,,,,,,,,,,,,,,,,,,,,,,,,
,,,,,,,,,,,,,,,,,,,,,,,,,,,,,,,,
,,,,,,,,,,,,,,,,,,,,,,,,,,,,,,,,
,,,,,,,,,,,,,,,,,,,,,,,,,,,,,,,,
,,,,,,,,,,,,,,,,,,,,,,,,,,,,,,,,
,,,,,,,,,,,,,,,,,,,,,,,,,,,,,,,,
,,,,,,,,,,,,,,,,,,,,,,,,,,,,,,,,
,,,,,,,,,,,,,,,,,,,,,,,,,,,,,,,,
,,,,,,,,,,,,,,,,,,,,,,,,,,,,,,,,
,,,,,,,,,,,,,,,,,,,,,,,,,,,,,,,,
,,,,,,,,,,,,,,,,,,,,,,,,,,,,,,,,
,,,,,,,,,,,,,,,,,,,,,,,,,,,,,,,,
,,,,,,,,,,,,,,,,,,,,,,,,,,,,,,,,
,,,,,,,,,,,,,,,,,,,,,,,,,,,,,,,,
,,,,,,,,,,,,,,,,,,,,,,,,,,,,,,,,
,,,,,,,,,,,,,,,,,,,,,,,,,,,,,,,,
,,,,,,,,,,,,,,,,,,,,,,,,,,,,,,,,
,,,,,,,,,,,,,,,,,,,,,,,,,,,,,,,,
,,,,,,,,,,,,,,,,,,,,,,,,,,,,,,,,
,,,,,,,,,,,,,,,,,,,,,,,,,,,,,,,,
,,,,,,,,,,,,,,,,,,,,,,,,,,,,,,,,
,,,,,,,,,,,,,,,,,,,,,,,,,,,,,,,,
,,,,,,,,,,,,,,,,,,,,,,,,,,,,,,,,
,,,,,,,,,,,,,,,,,,,,,,,,,,,,,,,,
,,,,,,,,,,,,,,,,,,,,,,,,,,,,,,,,
,,,,,,,,,,,,,,,,,,,,,,,,,,,,,,,,
,,,,,,,,,,,,,,,,,,,,,,,,,,,,,,,,
,,,,,,,,,,,,,,,,,,,,,,,,,,,,,,,,
,,,,,,,,,,,,,,,,,,,,,,,,,,,,,,,,
,,,,,,,,,,,,,,,,,,,,,,,,,,,,,,,,
,,,,,,,,,,,,,,,,,,,,,,,,,,,,,,,,
,,,,,,,,,,,,,,,,,,,,,,,,,,,,,,,,
,,,,,,,,,,,,,,,,,,,,,,,,,,,,,,,,
,,,,,,,,,,,,,,,,,,,,,,,,,,,,,,,,
,,,,,,,,,,,,,,,,,,,,,,,,,,,,,,,,
,,,,,,,,,,,,,,,,,,,,,,,,,,,,,,,,
,,,,,,,,,,,,,,,,,,,,,,,,,,,,,,,,
,,,,,,,,,,,,,,,,,,,,,,,,,,,,,,,,
,,,,,,,,,,,,,,,,,,,,,,,,,,,,,,,,
,,,,,,,,,,,,,,,,,,,,,,,,,,,,,,,,
,,,,,,,,,,,,,,,,,,,,,,,,,,,,,,,,
,,,,,,,,,,,,,,,,,,,,,,,,,,,,,,,,
,,,,,,,,,,,,,,,,,,,,,,,,,,,,,,,,
,,,,,,,,,,,,,,,,,,,,,,,,,,,,,,,,
,,,,,,,,,,,,,,,,,,,,,,,,,,,,,,,,
,,,,,,,,,,,,,,,,,,,,,,,,,,,,,,,,
,,,,,,,,,,,,,,,,,,,,,,,,,,,,,,,,
,,,,,,,,,,,,,,,,,,,,,,,,,,,,,,,,
,,,,,,,,,,,,,,,,,,,,,,,,,,,,,,,,
,,,,,,,,,,,,,,,,,,,,,,,,,,,,,,,,
,,,,,,,,,,,,,,,,,,,,,,,,,,,,,,,,
,,,,,,,,,,,,,,,,,,,,,,,,,,,,,,,,
,,,,,,,,,,,,,,,,,,,,,,,,,,,,,,,,
,,,,,,,,,,,,,,,,,,,,,,,,,,,,,,,,
,,,,,,,,,,,,,,,,,,,,,,,,,,,,,,,,
,,,,,,,,,,,,,,,,,,,,,,,,,,,,,,,,
,,,,,,,,,,,,,,,,,,,,,,,,,,,,,,,,
,,,,,,,,,,,,,,,,,,,,,,,,,,,,,,,,
,,,,,,,,,,,,,,,,,,,,,,,,,,,,,,,,
,,,,,,,,,,,,,,,,,,,,,,,,,,,,,,,,
,,,,,,,,,,,,,,,,,,,,,,,,,,,,,,,,
,,,,,,,,,,,,,,,,,,,,,,,,,,,,,,,,
,,,,,,,,,,,,,,,,,,,,,,,,,,,,,,,,
,,,,,,,,,,,,,,,,,,,,,,,,,,,,,,,,
,,,,,,,,,,,,,,,,,,,,,,,,,,,,,,,,
,,,,,,,,,,,,,,,,,,,,,,,,,,,,,,,,
,,,,,,,,,,,,,,,,,,,,,,,,,,,,,,,,
,,,,,,,,,,,,,,,,,,,,,,,,,,,,,,,,
,,,,,,,,,,,,,,,,,,,,,,,,,,,,,,,,
,,,,,,,,,,,,,,,,,,,,,,,,,,,,,,,,
,,,,,,,,,,,,,,,,,,,,,,,,,,,,,,,,
,,,,,,,,,,,,,,,,,,,,,,,,,,,,,,,,
,,,,,,,,,,,,,,,,,,,,,,,,,,,,,,,,
,,,,,,,,,,,,,,,,,,,,,,,,,,,,,,,,
,,,,,,,,,,,,,,,,,,,,,,,,,,,,,,,,
,,,,,,,,,,,,,,,,,,,,,,,,,,,,,,,,
,,,,,,,,,,,,,,,,,,,,,,,,,,,,,,,,
,,,,,,,,,,,,,,,,,,,,,,,,,,,,,,,,
,,,,,,,,,,,,,,,,,,,,,,,,,,,,,,,,
,,,,,,,,,,,,,,,,,,,,,,,,,,,,,,,,
,,,,,,,,,,,,,,,,,,,,,,,,,,,,,,,,
,,,,,,,,,,,,,,,,,,,,,,,,,,,,,,,,
,,,,,,,,,,,,,,,,,,,,,,,,,,,,,,,,
,,,,,,,,,,,,,,,,,,,,,,,,,,,,,,,,
,,,,,,,,,,,,,,,,,,,,,,,,,,,,,,,,
,,,,,,,,,,,,,,,,,,,,,,,,,,,,,,,,
,,,,,,,,,,,,,,,,,,,,,,,,,,,,,,,,
,,,,,,,,,,,,,,,,,,,,,,,,,,,,,,,,
,,,,,,,,,,,,,,,,,,,,,,,,,,,,,,,,
,,,,,,,,,,,,,,,,,,,,,,,,,,,,,,,,
,,,,,,,,,,,,,,,,,,,,,,,,,,,,,,,,
,,,,,,,,,,,,,,,,,,,,,,,,,,,,,,,,
,,,,,,,,,,,,,,,,,,,,,,,,,,,,,,,,
,,,,,,,,,,,,,,,,,,,,,,,,,,,,,,,,
,,,,,,,,,,,,,,,,,,,,,,,,,,,,,,,,
,,,,,,,,,,,,,,,,,,,,,,,,,,,,,,,,
,,,,,,,,,,,,,,,,,,,,,,,,,,,,,,,,
,,,,,,,,,,,,,,,,,,,,,,,,,,,,,,,,
,,,,,,,,,,,,,,,,,,,,,,,,,,,,,,,,
,,,,,,,,,,,,,,,,,,,,,,,,,,,,,,,,
,,,,,,,,,,,,,,,,,,,,,,,,,,,,,,,,
,,,,,,,,,,,,,,,,,,,,,,,,,,,,,,,,
,,,,,,,,,,,,,,,,,,,,,,,,,,,,,,,,
,,,,,,,,,,,,,,,,,,,,,,,,,,,,,,,,
,,,,,,,,,,,,,,,,,,,,,,,,,,,,,,,,
,,,,,,,,,,,,,,,,,,,,,,,,,,,,,,,,
,,,,,,,,,,,,,,,,,,,,,,,,,,,,,,,,
,,,,,,,,,,,,,,,,,,,,,,,,,,,,,,,,
,,,,,,,,,,,,,,,,,,,,,,,,,,,,,,,,
,,,,,,,,,,,,,,,,,,,,,,,,,,,,,,,,
,,,,,,,,,,,,,,,,,,,,,,,,,,,,,,,,
,,,,,,,,,,,,,,,,,,,,,,,,,,,,,,,,
,,,,,,,,,,,,,,,,,,,,,,,,,,,,,,,,
,,,,,,,,,,,,,,,,,,,,,,,,,,,,,,,,
,,,,,,,,,,,,,,,,,,,,,,,,,,,,,,,,
,,,,,,,,,,,,,,,,,,,,,,,,,,,,,,,,
,,,,,,,,,,,,,,,,,,,,,,,,,,,,,,,,
,,,,,,,,,,,,,,,,,,,,,,,,,,,,,,,,
,,,,,,,,,,,,,,,,,,,,,,,,,,,,,,,,
,,,,,,,,,,,,,,,,,,,,,,,,,,,,,,,,
,,,,,,,,,,,,,,,,,,,,,,,,,,,,,,,,
,,,,,,,,,,,,,,,,,,,,,,,,,,,,,,,,
,,,,,,,,,,,,,,,,,,,,,,,,,,,,,,,,
,,,,,,,,,,,,,,,,,,,,,,,,,,,,,,,,
,,,,,,,,,,,,,,,,,,,,,,,,,,,,,,,,
,,,,,,,,,,,,,,,,,,,,,,,,,,,,,,,,
,,,,,,,,,,,,,,,,,,,,,,,,,,,,,,,,
,,,,,,,,,,,,,,,,,,,,,,,,,,,,,,,,
,,,,,,,,,,,,,,,,,,,,,,,,,,,,,,,,
,,,,,,,,,,,,,,,,,,,,,,,,,,,,,,,,
,,,,,,,,,,,,,,,,,,,,,,,,,,,,,,,,
,,,,,,,,,,,,,,,,,,,,,,,,,,,,,,,,
,,,,,,,,,,,,,,,,,,,,,,,,,,,,,,,,
,,,,,,,,,,,,,,,,,,,,,,,,,,,,,,,,
,,,,,,,,,,,,,,,,,,,,,,,,,,,,,,,,
,,,,,,,,,,,,,,,,,,,,,,,,,,,,,,,,
,,,,,,,,,,,,,,,,,,,,,,,,,,,,,,,,
,,,,,,,,,,,,,,,,,,,,,,,,,,,,,,,,
,,,,,,,,,,,,,,,,,,,,,,,,,,,,,,,,
,,,,,,,,,,,,,,,,,,,,,,,,,,,,,,,,
,,,,,,,,,,,,,,,,,,,,,,,,,,,,,,,,
,,,,,,,,,,,,,,,,,,,,,,,,,,,,,,,,
,,,,,,,,,,,,,,,,,,,,,,,,,,,,,,,,
,,,,,,,,,,,,,,,,,,,,,,,,,,,,,,,,
,,,,,,,,,,,,,,,,,,,,,,,,,,,,,,,,
,,,,,,,,,,,,,,,,,,,,,,,,,,,,,,,,
,,,,,,,,,,,,,,,,,,,,,,,,,,,,,,,,
,,,,,,,,,,,,,,,,,,,,,,,,,,,,,,,,
,,,,,,,,,,,,,,,,,,,,,,,,,,,,,,,,
,,,,,,,,,,,,,,,,,,,,,,,,,,,,,,,,
,,,,,,,,,,,,,,,,,,,,,,,,,,,,,,,,
,,,,,,,,,,,,,,,,,,,,,,,,,,,,,,,,
,,,,,,,,,,,,,,,,,,,,,,,,,,,,,,,,
,,,,,,,,,,,,,,,,,,,,,,,,,,,,,,,,
,,,,,,,,,,,,,,,,,,,,,,,,,,,,,,,,
,,,,,,,,,,,,,,,,,,,,,,,,,,,,,,,,
,,,,,,,,,,,,,,,,,,,,,,,,,,,,,,,,
,,,,,,,,,,,,,,,,,,,,,,,,,,,,,,,,
,,,,,,,,,,,,,,,,,,,,,,,,,,,,,,,,
,,,,,,,,,,,,,,,,,,,,,,,,,,,,,,,,
,,,,,,,,,,,,,,,,,,,,,,,,,,,,,,,,
,,,,,,,,,,,,,,,,,,,,,,,,,,,,,,,,
,,,,,,,,,,,,,,,,,,,,,,,,,,,,,,,,
,,,,,,,,,,,,,,,,,,,,,,,,,,,,,,,,
,,,,,,,,,,,,,,,,,,,,,,,,,,,,,,,,
,,,,,,,,,,,,,,,,,,,,,,,,,,,,,,,,
,,,,,,,,,,,,,,,,,,,,,,,,,,,,,,,,
,,,,,,,,,,,,,,,,,,,,,,,,,,,,,,,,
,,,,,,,,,,,,,,,,,,,,,,,,,,,,,,,,
,,,,,,,,,,,,,,,,,,,,,,,,,,,,,,,,
,,,,,,,,,,,,,,,,,,,,,,,,,,,,,,,,
,,,,,,,,,,,,,,,,,,,,,,,,,,,,,,,,
,,,,,,,,,,,,,,,,,,,,,,,,,,,,,,,,
,,,,,,,,,,,,,,,,,,,,,,,,,,,,,,,,
,,,,,,,,,,,,,,,,,,,,,,,,,,,,,,,,
,,,,,,,,,,,,,,,,,,,,,,,,,,,,,,,,
,,,,,,,,,,,,,,,,,,,,,,,,,,,,,,,,
,,,,,,,,,,,,,,,,,,,,,,,,,,,,,,,,
,,,,,,,,,,,,,,,,,,,,,,,,,,,,,,,,
,,,,,,,,,,,,,,,,,,,,,,,,,,,,,,,,
,,,,,,,,,,,,,,,,,,,,,,,,,,,,,,,,
,,,,,,,,,,,,,,,,,,,,,,,,,,,,,,,,
,,,,,,,,,,,,,,,,,,,,,,,,,,,,,,,,
,,,,,,,,,,,,,,,,,,,,,,,,,,,,,,,,
,,,,,,,,,,,,,,,,,,,,,,,,,,,,,,,,
,,,,,,,,,,,,,,,,,,,,,,,,,,,,,,,,
,,,,,,,,,,,,,,,,,,,,,,,,,,,,,,,,
,,,,,,,,,,,,,,,,,,,,,,,,,,,,,,,,
,,,,,,,,,,,,,,,,,,,,,,,,,,,,,,,,
,,,,,,,,,,,,,,,,,,,,,,,,,,,,,,,,
,,,,,,,,,,,,,,,,,,,,,,,,,,,,,,,,
,,,,,,,,,,,,,,,,,,,,,,,,,,,,,,,,
,,,,,,,,,,,,,,,,,,,,,,,,,,,,,,,,
,,,,,,,,,,,,,,,,,,,,,,,,,,,,,,,,
,,,,,,,,,,,,,,,,,,,,,,,,,,,,,,,,
,,,,,,,,,,,,,,,,,,,,,,,,,,,,,,,,
,,,,,,,,,,,,,,,,,,,,,,,,,,,,,,,,
,,,,,,,,,,,,,,,,,,,,,,,,,,,,,,,,
,,,,,,,,,,,,,,,,,,,,,,,,,,,,,,,,
,,,,,,,,,,,,,,,,,,,,,,,,,,,,,,,,
,,,,,,,,,,,,,,,,,,,,,,,,,,,,,,,,
,,,,,,,,,,,,,,,,,,,,,,,,,,,,,,,,
,,,,,,,,,,,,,,,,,,,,,,,,,,,,,,,,
,,,,,,,,,,,,,,,,,,,,,,,,,,,,,,,,
,,,,,,,,,,,,,,,,,,,,,,,,,,,,,,,,
,,,,,,,,,,,,,,,,,,,,,,,,,,,,,,,,
,,,,,,,,,,,,,,,,,,,,,,,,,,,,,,,,
,,,,,,,,,,,,,,,,,,,,,,,,,,,,,,,,
,,,,,,,,,,,,,,,,,,,,,,,,,,,,,,,,
,,,,,,,,,,,,,,,,,,,,,,,,,,,,,,,,
,,,,,,,,,,,,,,,,,,,,,,,,,,,,,,,,
,,,,,,,,,,,,,,,,,,,,,,,,,,,,,,,,
,,,,,,,,,,,,,,,,,,,,,,,,,,,,,,,,
,,,,,,,,,,,,,,,,,,,,,,,,,,,,,,,,
,,,,,,,,,,,,,,,,,,,,,,,,,,,,,,,,
,,,,,,,,,,,,,,,,,,,,,,,,,,,,,,,,
,,,,,,,,,,,,,,,,,,,,,,,,,,,,,,,,
,,,,,,,,,,,,,,,,,,,,,,,,,,,,,,,,
,,,,,,,,,,,,,,,,,,,,,,,,,,,,,,,,
,,,,,,,,,,,,,,,,,,,,,,,,,,,,,,,,
,,,,,,,,,,,,,,,,,,,,,,,,,,,,,,,,
,,,,,,,,,,,,,,,,,,,,,,,,,,,,,,,,
,,,,,,,,,,,,,,,,,,,,,,,,,,,,,,,,
,,,,,,,,,,,,,,,,,,,,,,,,,,,,,,,,
,,,,,,,,,,,,,,,,,,,,,,,,,,,,,,,,
,,,,,,,,,,,,,,,,,,,,,,,,,,,,,,,,
,,,,,,,,,,,,,,,,,,,,,,,,,,,,,,,,
,,,,,,,,,,,,,,,,,,,,,,,,,,,,,,,,
,,,,,,,,,,,,,,,,,,,,,,,,,,,,,,,,
,,,,,,,,,,,,,,,,,,,,,,,,,,,,,,,,
,,,,,,,,,,,,,,,,,,,,,,,,,,,,,,,,
,,,,,,,,,,,,,,,,,,,,,,,,,,,,,,,,
,,,,,,,,,,,,,,,,,,,,,,,,,,,,,,,,
,,,,,,,,,,,,,,,,,,,,,,,,,,,,,,,,
,,,,,,,,,,,,,,,,,,,,,,,,,,,,,,,,
,,,,,,,,,,,,,,,,,,,,,,,,,,,,,,,,
,,,,,,,,,,,,,,,,,,,,,,,,,,,,,,,,
,,,,,,,,,,,,,,,,,,,,,,,,,,,,,,,,
,,,,,,,,,,,,,,,,,,,,,,,,,,,,,,,,
,,,,,,,,,,,,,,,,,,,,,,,,,,,,,,,,
,,,,,,,,,,,,,,,,,,,,,,,,,,,,,,,,
,,,,,,,,,,,,,,,,,,,,,,,,,,,,,,,,
,,,,,,,,,,,,,,,,,,,,,,,,,,,,,,,,
,,,,,,,,,,,,,,,,,,,,,,,,,,,,,,,,
,,,,,,,,,,,,,,,,,,,,,,,,,,,,,,,,
,,,,,,,,,,,,,,,,,,,,,,,,,,,,,,,,
,,,,,,,,,,,,,,,,,,,,,,,,,,,,,,,,
,,,,,,,,,,,,,,,,,,,,,,,,,,,,,,,,
,,,,,,,,,,,,,,,,,,,,,,,,,,,,,,,,
,,,,,,,,,,,,,,,,,,,,,,,,,,,,,,,,
,,,,,,,,,,,,,,,,,,,,,,,,,,,,,,,,
,,,,,,,,,,,,,,,,,,,,,,,,,,,,,,,,
,,,,,,,,,,,,,,,,,,,,,,,,,,,,,,,,
,,,,,,,,,,,,,,,,,,,,,,,,,,,,,,,,
,,,,,,,,,,,,,,,,,,,,,,,,,,,,,,,,
,,,,,,,,,,,,,,,,,,,,,,,,,,,,,,,,
,,,,,,,,,,,,,,,,,,,,,,,,,,,,,,,,
,,,,,,,,,,,,,,,,,,,,,,,,,,,,,,,,
,,,,,,,,,,,,,,,,,,,,,,,,,,,,,,,,
,,,,,,,,,,,,,,,,,,,,,,,,,,,,,,,,
,,,,,,,,,,,,,,,,,,,,,,,,,,,,,,,,
,,,,,,,,,,,,,,,,,,,,,,,,,,,,,,,,
,,,,,,,,,,,,,,,,,,,,,,,,,,,,,,,,
,,,,,,,,,,,,,,,,,,,,,,,,,,,,,,,,
,,,,,,,,,,,,,,,,,,,,,,,,,,,,,,,,
,,,,,,,,,,,,,,,,,,,,,,,,,,,,,,,,
,,,,,,,,,,,,,,,,,,,,,,,,,,,,,,,,
,,,,,,,,,,,,,,,,,,,,,,,,,,,,,,,,
,,,,,,,,,,,,,,,,,,,,,,,,,,,,,,,,
,,,,,,,,,,,,,,,,,,,,,,,,,,,,,,,,
,,,,,,,,,,,,,,,,,,,,,,,,,,,,,,,,
,,,,,,,,,,,,,,,,,,,,,,,,,,,,,,,,
,,,,,,,,,,,,,,,,,,,,,,,,,,,,,,,,
,,,,,,,,,,,,,,,,,,,,,,,,,,,,,,,,
,,,,,,,,,,,,,,,,,,,,,,,,,,,,,,,,
,,,,,,,,,,,,,,,,,,,,,,,,,,,,,,,,
,,,,,,,,,,,,,,,,,,,,,,,,,,,,,,,,
,,,,,,,,,,,,,,,,,,,,,,,,,,,,,,,,
,,,,,,,,,,,,,,,,,,,,,,,,,,,,,,,,
,,,,,,,,,,,,,,,,,,,,,,,,,,,,,,,,
,,,,,,,,,,,,,,,,,,,,,,,,,,,,,,,,
,,,,,,,,,,,,,,,,,,,,,,,,,,,,,,,,
,,,,,,,,,,,,,,,,,,,,,,,,,,,,,,,,
,,,,,,,,,,,,,,,,,,,,,,,,,,,,,,,,
,,,,,,,,,,,,,,,,,,,,,,,,,,,,,,,,
,,,,,,,,,,,,,,,,,,,,,,,,,,,,,,,,
,,,,,,,,,,,,,,,,,,,,,,,,,,,,,,,,
,,,,,,,,,,,,,,,,,,,,,,,,,,,,,,,,
,,,,,,,,,,,,,,,,,,,,,,,,,,,,,,,,
,,,,,,,,,,,,,,,,,,,,,,,,,,,,,,,,
,,,,,,,,,,,,,,,,,,,,,,,,,,,,,,,,
,,,,,,,,,,,,,,,,,,,,,,,,,,,,,,,,
,,,,,,,,,,,,,,,,,,,,,,,,,,,,,,,,
,,,,,,,,,,,,,,,,,,,,,,,,,,,,,,,,
,,,,,,,,,,,,,,,,,,,,,,,,,,,,,,,,
,,,,,,,,,,,,,,,,,,,,,,,,,,,,,,,,
,,,,,,,,,,,,,,,,,,,,,,,,,,,,,,,,
,,,,,,,,,,,,,,,,,,,,,,,,,,,,,,,,
,,,,,,,,,,,,,,,,,,,,,,,,,,,,,,,,
,,,,,,,,,,,,,,,,,,,,,,,,,,,,,,,,
,,,,,,,,,,,,,,,,,,,,,,,,,,,,,,,,
,,,,,,,,,,,,,,,,,,,,,,,,,,,,,,,,
,,,,,,,,,,,,,,,,,,,,,,,,,,,,,,,,
,,,,,,,,,,,,,,,,,,,,,,,,,,,,,,,,
,,,,,,,,,,,,,,,,,,,,,,,,,,,,,,,,
,,,,,,,,,,,,,,,,,,,,,,,,,,,,,,,,
,,,,,,,,,,,,,,,,,,,,,,,,,,,,,,,,
,,,,,,,,,,,,,,,,,,,,,,,,,,,,,,,,
,,,,,,,,,,,,,,,,,,,,,,,,,,,,,,,,
,,,,,,,,,,,,,,,,,,,,,,,,,,,,,,,,
,,,,,,,,,,,,,,,,,,,,,,,,,,,,,,,,
,,,,,,,,,,,,,,,,,,,,,,,,,,,,,,,,
,,,,,,,,,,,,,,,,,,,,,,,,,,,,,,,,
,,,,,,,,,,,,,,,,,,,,,,,,,,,,,,,,
,,,,,,,,,,,,,,,,,,,,,,,,,,,,,,,,
,,,,,,,,,,,,,,,,,,,,,,,,,,,,,,,,
,,,,,,,,,,,,,,,,,,,,,,,,,,,,,,,,
,,,,,,,,,,,,,,,,,,,,,,,,,,,,,,,,
,,,,,,,,,,,,,,,,,,,,,,,,,,,,,,,,
,,,,,,,,,,,,,,,,,,,,,,,,,,,,,,,,
,,,,,,,,,,,,,,,,,,,,,,,,,,,,,,,,
,,,,,,,,,,,,,,,,,,,,,,,,,,,,,,,,
,,,,,,,,,,,,,,,,,,,,,,,,,,,,,,,,
,,,,,,,,,,,,,,,,,,,,,,,,,,,,,,,,
,,,,,,,,,,,,,,,,,,,,,,,,,,,,,,,,
,,,,,,,,,,,,,,,,,,,,,,,,,,,,,,,,
,,,,,,,,,,,,,,,,,,,,,,,,,,,,,,,,
,,,,,,,,,,,,,,,,,,,,,,,,,,,,,,,,
,,,,,,,,,,,,,,,,,,,,,,,,,,,,,,,,
,,,,,,,,,,,,,,,,,,,,,,,,,,,,,,,,
,,,,,,,,,,,,,,,,,,,,,,,,,,,,,,,,
,,,,,,,,,,,,,,,,,,,,,,,,,,,,,,,,
,,,,,,,,,,,,,,,,,,,,,,,,,,,,,,,,
,,,,,,,,,,,,,,,,,,,,,,,,,,,,,,,,
,,,,,,,,,,,,,,,,,,,,,,,,,,,,,,,,
,,,,,,,,,,,,,,,,,,,,,,,,,,,,,,,,
,,,,,,,,,,,,,,,,,,,,,,,,,,,,,,,,
,,,,,,,,,,,,,,,,,,,,,,,,,,,,,,,,
,,,,,,,,,,,,,,,,,,,,,,,,,,,,,,,,
,,,,,,,,,,,,,,,,,,,,,,,,,,,,,,,,
,,,,,,,,,,,,,,,,,,,,,,,,,,,,,,,,
,,,,,,,,,,,,,,,,,,,,,,,,,,,,,,,,
,,,,,,,,,,,,,,,,,,,,,,,,,,,,,,,,
,,,,,,,,,,,,,,,,,,,,,,,,,,,,,,,,
,,,,,,,,,,,,,,,,,,,,,,,,,,,,,,,,
,,,,,,,,,,,,,,,,,,,,,,,,,,,,,,,,
,,,,,,,,,,,,,,,,,,,,,,,,,,,,,,,,
,,,,,,,,,,,,,,,,,,,,,,,,,,,,,,,,
,,,,,,,,,,,,,,,,,,,,,,,,,,,,,,,,
,,,,,,,,,,,,,,,,,,,,,,,,,,,,,,,,
,,,,,,,,,,,,,,,,,,,,,,,,,,,,,,,,
,,,,,,,,,,,,,,,,,,,,,,,,,,,,,,,,
,,,,,,,,,,,,,,,,,,,,,,,,,,,,,,,,
,,,,,,,,,,,,,,,,,,,,,,,,,,,,,,,,
,,,,,,,,,,,,,,,,,,,,,,,,,,,,,,,,
,,,,,,,,,,,,,,,,,,,,,,,,,,,,,,,,
,,,,,,,,,,,,,,,,,,,,,,,,,,,,,,,,
,,,,,,,,,,,,,,,,,,,,,,,,,,,,,,,,
,,,,,,,,,,,,,,,,,,,,,,,,,,,,,,,,
,,,,,,,,,,,,,,,,,,,,,,,,,,,,,,,,
,,,,,,,,,,,,,,,,,,,,,,,,,,,,,,,,
,,,,,,,,,,,,,,,,,,,,,,,,,,,,,,,,
,,,,,,,,,,,,,,,,,,,,,,,,,,,,,,,,
,,,,,,,,,,,,,,,,,,,,,,,,,,,,,,,,
,,,,,,,,,,,,,,,,,,,,,,,,,,,,,,,,
,,,,,,,,,,,,,,,,,,,,,,,,,,,,,,,,
,,,,,,,,,,,,,,,,,,,,,,,,,,,,,,,,
,,,,,,,,,,,,,,,,,,,,,,,,,,,,,,,,
,,,,,,,,,,,,,,,,,,,,,,,,,,,,,,,,
,,,,,,,,,,,,,,,,,,,,,,,,,,,,,,,,
,,,,,,,,,,,,,,,,,,,,,,,,,,,,,,,,
,,,,,,,,,,,,,,,,,,,,,,,,,,,,,,,,
,,,,,,,,,,,,,,,,,,,,,,,,,,,,,,,,
,,,,,,,,,,,,,,,,,,,,,,,,,,,,,,,,
,,,,,,,,,,,,,,,,,,,,,,,,,,,,,,,,
,,,,,,,,,,,,,,,,,,,,,,,,,,,,,,,,
,,,,,,,,,,,,,,,,,,,,,,,,,,,,,,,,
,,,,,,,,,,,,,,,,,,,,,,,,,,,,,,,,
,,,,,,,,,,,,,,,,,,,,,,,,,,,,,,,,
,,,,,,,,,,,,,,,,,,,,,,,,,,,,,,,,
,,,,,,,,,,,,,,,,,,,,,,,,,,,,,,,,
,,,,,,,,,,,,,,,,,,,,,,,,,,,,,,,,
,,,,,,,,,,,,,,,,,,,,,,,,,,,,,,,,
,,,,,,,,,,,,,,,,,,,,,,,,,,,,,,,,
,,,,,,,,,,,,,,,,,,,,,,,,,,,,,,,,
,,,,,,,,,,,,,,,,,,,,,,,,,,,,,,,,
,,,,,,,,,,,,,,,,,,,,,,,,,,,,,,,,
,,,,,,,,,,,,,,,,,,,,,,,,,,,,,,,,
,,,,,,,,,,,,,,,,,,,,,,,,,,,,,,,,
,,,,,,,,,,,,,,,,,,,,,,,,,,,,,,,,
,,,,,,,,,,,,,,,,,,,,,,,,,,,,,,,,
,,,,,,,,,,,,,,,,,,,,,,,,,,,,,,,,
,,,,,,,,,,,,,,,,,,,,,,,,,,,,,,,,
,,,,,,,,,,,,,,,,,,,,,,,,,,,,,,,,
,,,,,,,,,,,,,,,,,,,,,,,,,,,,,,,,
,,,,,,,,,,,,,,,,,,,,,,,,,,,,,,,,
,,,,,,,,,,,,,,,,,,,,,,,,,,,,,,,,
,,,,,,,,,,,,,,,,,,,,,,,,,,,,,,,,
,,,,,,,,,,,,,,,,,,,,,,,,,,,,,,,,
,,,,,,,,,,,,,,,,,,,,,,,,,,,,,,,,
,,,,,,,,,,,,,,,,,,,,,,,,,,,,,,,,
,,,,,,,,,,,,,,,,,,,,,,,,,,,,,,,,
,,,,,,,,,,,,,,,,,,,,,,,,,,,,,,,,
,,,,,,,,,,,,,,,,,,,,,,,,,,,,,,,,
,,,,,,,,,,,,,,,,,,,,,,,,,,,,,,,,
,,,,,,,,,,,,,,,,,,,,,,,,,,,,,,,,
,,,,,,,,,,,,,,,,,,,,,,,,,,,,,,,,
,,,,,,,,,,,,,,,,,,,,,,,,,,,,,,,,
,,,,,,,,,,,,,,,,,,,,,,,,,,,,,,,,
,,,,,,,,,,,,,,,,,,,,,,,,,,,,,,,,
,,,,,,,,,,,,,,,,,,,,,,,,,,,,,,,,
,,,,,,,,,,,,,,,,,,,,,,,,,,,,,,,,
,,,,,,,,,,,,,,,,,,,,,,,,,,,,,,,,
,,,,,,,,,,,,,,,,,,,,,,,,,,,,,,,,
,,,,,,,,,,,,,,,,,,,,,,,,,,,,,,,,
,,,,,,,,,,,,,,,,,,,,,,,,,,,,,,,,
,,,,,,,,,,,,,,,,,,,,,,,,,,,,,,,,
,,,,,,,,,,,,,,,,,,,,,,,,,,,,,,,,
,,,,,,,,,,,,,,,,,,,,,,,,,,,,,,,,
,,,,,,,,,,,,,,,,,,,,,,,,,,,,,,,,
,,,,,,,,,,,,,,,,,,,,,,,,,,,,,,,,
,,,,,,,,,,,,,,,,,,,,,,,,,,,,,,,,
,,,,,,,,,,,,,,,,,,,,,,,,,,,,,,,,
,,,,,,,,,,,,,,,,,,,,,,,,,,,,,,,,
,,,,,,,,,,,,,,,,,,,,,,,,,,,,,,,,
,,,,,,,,,,,,,,,,,,,,,,,,,,,,,,,,
,,,,,,,,,,,,,,,,,,,,,,,,,,,,,,,,
,,,,,,,,,,,,,,,,,,,,,,,,,,,,,,,,
,,,,,,,,,,,,,,,,,,,,,,,,,,,,,,,,
,,,,,,,,,,,,,,,,,,,,,,,,,,,,,,,,
,,,,,,,,,,,,,,,,,,,,,,,,,,,,,,,,
,,,,,,,,,,,,,,,,,,,,,,,,,,,,,,,,
,,,,,,,,,,,,,,,,,,,,,,,,,,,,,,,,
,,,,,,,,,,,,,,,,,,,,,,,,,,,,,,,,
,,,,,,,,,,,,,,,,,,,,,,,,,,,,,,,,
,,,,,,,,,,,,,,,,,,,,,,,,,,,,,,,,
,,,,,,,,,,,,,,,,,,,,,,,,,,,,,,,,
,,,,,,,,,,,,,,,,,,,,,,,,,,,,,,,,
,,,,,,,,,,,,,,,,,,,,,,,,,,,,,,,,
,,,,,,,,,,,,,,,,,,,,,,,,,,,,,,,,
,,,,,,,,,,,,,,,,,,,,,,,,,,,,,,,,
,,,,,,,,,,,,,,,,,,,,,,,,,,,,,,,,
,,,,,,,,,,,,,,,,,,,,,,,,,,,,,,,,
,,,,,,,,,,,,,,,,,,,,,,,,,,,,,,,,
,,,,,,,,,,,,,,,,,,,,,,,,,,,,,,,,
,,,,,,,,,,,,,,,,,,,,,,,,,,,,,,,,
,,,,,,,,,,,,,,,,,,,,,,,,,,,,,,,,
,,,,,,,,,,,,,,,,,,,,,,,,,,,,,,,,
,,,,,,,,,,,,,,,,,,,,,,,,,,,,,,,,
,,,,,,,,,,,,,,,,,,,,,,,,,,,,,,,,
,,,,,,,,,,,,,,,,,,,,,,,,,,,,,,,,
,,,,,,,,,,,,,,,,,,,,,,,,,,,,,,,,
,,,,,,,,,,,,,,,,,,,,,,,,,,,,,,,,
,,,,,,,,,,,,,,,,,,,,,,,,,,,,,,,,
,,,,,,,,,,,,,,,,,,,,,,,,,,,,,,,,
,,,,,,,,,,,,,,,,,,,,,,,,,,,,,,,,
,,,,,,,,,,,,,,,,,,,,,,,,,,,,,,,,
,,,,,,,,,,,,,,,,,,,,,,,,,,,,,,,,
,,,,,,,,,,,,,,,,,,,,,,,,,,,,,,,,
,,,,,,,,,,,,,,,,,,,,,,,,,,,,,,,,
,,,,,,,,,,,,,,,,,,,,,,,,,,,,,,,,
,,,,,,,,,,,,,,,,,,,,,,,,,,,,,,,,
,,,,,,,,,,,,,,,,,,,,,,,,,,,,,,,,
,,,,,,,,,,,,,,,,,,,,,,,,,,,,,,,,
,,,,,,,,,,,,,,,,,,,,,,,,,,,,,,,,
,,,,,,,,,,,,,,,,,,,,,,,,,,,,,,,,
,,,,,,,,,,,,,,,,,,,,,,,,,,,,,,,,
,,,,,,,,,,,,,,,,,,,,,,,,,,,,,,,,
,,,,,,,,,,,,,,,,,,,,,,,,,,,,,,,,
,,,,,,,,,,,,,,,,,,,,,,,,,,,,,,,,
,,,,,,,,,,,,,,,,,,,,,,,,,,,,,,,,
,,,,,,,,,,,,,,,,,,,,,,,,,,,,,,,,
,,,,,,,,,,,,,,,,,,,,,,,,,,,,,,,,
,,,,,,,,,,,,,,,,,,,,,,,,,,,,,,,,
,,,,,,,,,,,,,,,,,,,,,,,,,,,,,,,,
,,,,,,,,,,,,,,,,,,,,,,,,,,,,,,,,
,,,,,,,,,,,,,,,,,,,,,,,,,,,,,,,,
,,,,,,,,,,,,,,,,,,,,,,,,,,,,,,,,
,,,,,,,,,,,,,,,,,,,,,,,,,,,,,,,,
,,,,,,,,,,,,,,,,,,,,,,,,,,,,,,,,
,,,,,,,,,,,,,,,,,,,,,,,,,,,,,,,,
,,,,,,,,,,,,,,,,,,,,,,,,,,,,,,,,
,,,,,,,,,,,,,,,,,,,,,,,,,,,,,,,,
,,,,,,,,,,,,,,,,,,,,,,,,,,,,,,,,
,,,,,,,,,,,,,,,,,,,,,,,,,,,,,,,,
,,,,,,,,,,,,,,,,,,,,,,,,,,,,,,,,
,,,,,,,,,,,,,,,,,,,,,,,,,,,,,,,,
,,,,,,,,,,,,,,,,,,,,,,,,,,,,,,,,
,,,,,,,,,,,,,,,,,,,,,,,,,,,,,,,,
,,,,,,,,,,,,,,,,,,,,,,,,,,,,,,,,
,,,,,,,,,,,,,,,,,,,,,,,,,,,,,,,,
,,,,,,,,,,,,,,,,,,,,,,,,,,,,,,,,
,,,,,,,,,,,,,,,,,,,,,,,,,,,,,,,,
,,,,,,,,,,,,,,,,,,,,,,,,,,,,,,,,
,,,,,,,,,,,,,,,,,,,,,,,,,,,,,,,,
,,,,,,,,,,,,,,,,,,,,,,,,,,,,,,,,
,,,,,,,,,,,,,,,,,,,,,,,,,,,,,,,,
,,,,,,,,,,,,,,,,,,,,,,,,,,,,,,,,
,,,,,,,,,,,,,,,,,,,,,,,,,,,,,,,,
,,,,,,,,,,,,,,,,,,,,,,,,,,,,,,,,
,,,,,,,,,,,,,,,,,,,,,,,,,,,,,,,,
,,,,,,,,,,,,,,,,,,,,,,,,,,,,,,,,
,,,,,,,,,,,,,,,,,,,,,,,,,,,,,,,,
,,,,,,,,,,,,,,,,,,,,,,,,,,,,,,,,
,,,,,,,,,,,,,,,,,,,,,,,,,,,,,,,,
,,,,,,,,,,,,,,,,,,,,,,,,,,,,,,,,
,,,,,,,,,,,,,,,,,,,,,,,,,,,,,,,,
,,,,,,,,,,,,,,,,,,,,,,,,,,,,,,,,
,,,,,,,,,,,,,,,,,,,,,,,,,,,,,,,,
,,,,,,,,,,,,,,,,,,,,,,,,,,,,,,,,
,,,,,,,,,,,,,,,,,,,,,,,,,,,,,,,,
,,,,,,,,,,,,,,,,,,,,,,,,,,,,,,,,
,,,,,,,,,,,,,,,,,,,,,,,,,,,,,,,,
,,,,,,,,,,,,,,,,,,,,,,,,,,,,,,,,
,,,,,,,,,,,,,,,,,,,,,,,,,,,,,,,,
,,,,,,,,,,,,,,,,,,,,,,,,,,,,,,,,
,,,,,,,,,,,,,,,,,,,,,,,,,,,,,,,,
,,,,,,,,,,,,,,,,,,,,,,,,,,,,,,,,
,,,,,,,,,,,,,,,,,,,,,,,,,,,,,,,,
,,,,,,,,,,,,,,,,,,,,,,,,,,,,,,,,
,,,,,,,,,,,,,,,,,,,,,,,,,,,,,,,,
,,,,,,,,,,,,,,,,,,,,,,,,,,,,,,,,
,,,,,,,,,,,,,,,,,,,,,,,,,,,,,,,,
,,,,,,,,,,,,,,,,,,,,,,,,,,,,,,,,
,,,,,,,,,,,,,,,,,,,,,,,,,,,,,,,,
,,,,,,,,,,,,,,,,,,,,,,,,,,,,,,,,
,,,,,,,,,,,,,,,,,,,,,,,,,,,,,,,,
,,,,,,,,,,,,,,,,,,,,,,,,,,,,,,,,
,,,,,,,,,,,,,,,,,,,,,,,,,,,,,,,,
,,,,,,,,,,,,,,,,,,,,,,,,,,,,,,,,
,,,,,,,,,,,,,,,,,,,,,,,,,,,,,,,,
,,,,,,,,,,,,,,,,,,,,,,,,,,,,,,,,
,,,,,,,,,,,,,,,,,,,,,,,,,,,,,,,,
,,,,,,,,,,,,,,,,,,,,,,,,,,,,,,,,
,,,,,,,,,,,,,,,,,,,,,,,,,,,,,,,,
,,,,,,,,,,,,,,,,,,,,,,,,,,,,,,,,
,,,,,,,,,,,,,,,,,,,,,,,,,,,,,,,,
,,,,,,,,,,,,,,,,,,,,,,,,,,,,,,,,
,,,,,,,,,,,,,,,,,,,,,,,,,,,,,,,,
,,,,,,,,,,,,,,,,,,,,,,,,,,,,,,,,
,,,,,,,,,,,,,,,,,,,,,,,,,,,,,,,,
,,,,,,,,,,,,,,,,,,,,,,,,,,,,,,,,
,,,,,,,,,,,,,,,,,,,,,,,,,,,,,,,,
,,,,,,,,,,,,,,,,,,,,,,,,,,,,,,,,
,,,,,,,,,,,,,,,,,,,,,,,,,,,,,,,,
,,,,,,,,,,,,,,,,,,,,,,,,,,,,,,,,
,,,,,,,,,,,,,,,,,,,,,,,,,,,,,,,,
,,,,,,,,,,,,,,,,,,,,,,,,,,,,,,,,
,,,,,,,,,,,,,,,,,,,,,,,,,,,,,,,,
,,,,,,,,,,,,,,,,,,,,,,,,,,,,,,,,
,,,,,,,,,,,,,,,,,,,,,,,,,,,,,,,,
,,,,,,,,,,,,,,,,,,,,,,,,,,,,,,,,
,,,,,,,,,,,,,,,,,,,,,,,,,,,,,,,,
,,,,,,,,,,,,,,,,,,,,,,,,,,,,,,,,
,,,,,,,,,,,,,,,,,,,,,,,,,,,,,,,,
,,,,,,,,,,,,,,,,,,,,,,,,,,,,,,,,
,,,,,,,,,,,,,,,,,,,,,,,,,,,,,,,,
,,,,,,,,,,,,,,,,,,,,,,,,,,,,,,,,
,,,,,,,,,,,,,,,,,,,,,,,,,,,,,,,,
,,,,,,,,,,,,,,,,,,,,,,,,,,,,,,,,
,,,,,,,,,,,,,,,,,,,,,,,,,,,,,,,,
,,,,,,,,,,,,,,,,,,,,,,,,,,,,,,,,
,,,,,,,,,,,,,,,,,,,,,,,,,,,,,,,,
,,,,,,,,,,,,,,,,,,,,,,,,,,,,,,,,
,,,,,,,,,,,,,,,,,,,,,,,,,,,,,,,,
,,,,,,,,,,,,,,,,,,,,,,,,,,,,,,,,
,,,,,,,,,,,,,,,,,,,,,,,,,,,,,,,,
,,,,,,,,,,,,,,,,,,,,,,,,,,,,,,,,
,,,,,,,,,,,,,,,,,,,,,,,,,,,,,,,,
,,,,,,,,,,,,,,,,,,,,,,,,,,,,,,,,
,,,,,,,,,,,,,,,,,,,,,,,,,,,,,,,,
,,,,,,,,,,,,,,,,,,,,,,,,,,,,,,,,
,,,,,,,,,,,,,,,,,,,,,,,,,,,,,,,,
,,,,,,,,,,,,,,,,,,,,,,,,,,,,,,,,
,,,,,,,,,,,,,,,,,,,,,,,,,,,,,,,,
,,,,,,,,,,,,,,,,,,,,,,,,,,,,,,,,
,,,,,,,,,,,,,,,,,,,,,,,,,,,,,,,,
,,,,,,,,,,,,,,,,,,,,,,,,,,,,,,,,
,,,,,,,,,,,,,,,,,,,,,,,,,,,,,,,,
,,,,,,,,,,,,,,,,,,,,,,,,,,,,,,,,
,,,,,,,,,,,,,,,,,,,,,,,,,,,,,,,,
,,,,,,,,,,,,,,,,,,,,,,,,,,,,,,,,
,,,,,,,,,,,,,,,,,,,,,,,,,,,,,,,,
,,,,,,,,,,,,,,,,,,,,,,,,,,,,,,,,
,,,,,,,,,,,,,,,,,,,,,,,,,,,,,,,,
,,,,,,,,,,,,,,,,,,,,,,,,,,,,,,,,
,,,,,,,,,,,,,,,,,,,,,,,,,,,,,,,,
,,,,,,,,,,,,,,,,,,,,,,,,,,,,,,,,
,,,,,,,,,,,,,,,,,,,,,,,,,,,,,,,,
,,,,,,,,,,,,,,,,,,,,,,,,,,,,,,,,
,,,,,,,,,,,,,,,,,,,,,,,,,,,,,,,,
,,,,,,,,,,,,,,,,,,,,,,,,,,,,,,,,
,,,,,,,,,,,,,,,,,,,,,,,,,,,,,,,,
,,,,,,,,,,,,,,,,,,,,,,,,,,,,,,,,
,,,,,,,,,,,,,,,,,,,,,,,,,,,,,,,,
,,,,,,,,,,,,,,,,,,,,,,,,,,,,,,,,
,,,,,,,,,,,,,,,,,,,,,,,,,,,,,,,,
,,,,,,,,,,,,,,,,,,,,,,,,,,,,,,,,
,,,,,,,,,,,,,,,,,,,,,,,,,,,,,,,,
,,,,,,,,,,,,,,,,,,,,,,,,,,,,,,,,
,,,,,,,,,,,,,,,,,,,,,,,,,,,,,,,,
,,,,,,,,,,,,,,,,,,,,,,,,,,,,,,,,
,,,,,,,,,,,,,,,,,,,,,,,,,,,,,,,,
,,,,,,,,,,,,,,,,,,,,,,,,,,,,,,,,
,,,,,,,,,,,,,,,,,,,,,,,,,,,,,,,,
,,,,,,,,,,,,,,,,,,,,,,,,,,,,,,,,
,,,,,,,,,,,,,,,,,,,,,,,,,,,,,,,,
,,,,,,,,,,,,,,,,,,,,,,,,,,,,,,,,
,,,,,,,,,,,,,,,,,,,,,,,,,,,,,,,,
,,,,,,,,,,,,,,,,,,,,,,,,,,,,,,,,
,,,,,,,,,,,,,,,,,,,,,,,,,,,,,,,,
,,,,,,,,,,,,,,,,,,,,,,,,,,,,,,,,
,,,,,,,,,,,,,,,,,,,,,,,,,,,,,,,,
,,,,,,,,,,,,,,,,,,,,,,,,,,,,,,,,
,,,,,,,,,,,,,,,,,,,,,,,,,,,,,,,,
,,,,,,,,,,,,,,,,,,,,,,,,,,,,,,,,
,,,,,,,,,,,,,,,,,,,,,,,,,,,,,,,,
,,,,,,,,,,,,,,,,,,,,,,,,,,,,,,,,
,,,,,,,,,,,,,,,,,,,,,,,,,,,,,,,,
,,,,,,,,,,,,,,,,,,,,,,,,,,,,,,,,
,,,,,,,,,,,,,,,,,,,,,,,,,,,,,,,,
,,,,,,,,,,,,,,,,,,,,,,,,,,,,,,,,
,,,,,,,,,,,,,,,,,,,,,,,,,,,,,,,,
,,,,,,,,,,,,,,,,,,,,,,,,,,,,,,,,
,,,,,,,,,,,,,,,,,,,,,,,,,,,,,,,,
,,,,,,,,,,,,,,,,,,,,,,,,,,,,,,,,
,,,,,,,,,,,,,,,,,,,,,,,,,,,,,,,,
,,,,,,,,,,,,,,,,,,,,,,,,,,,,,,,,
,,,,,,,,,,,,,,,,,,,,,,,,,,,,,,,,
,,,,,,,,,,,,,,,,,,,,,,,,,,,,,,,,
,,,,,,,,,,,,,,,,,,,,,,,,,,,,,,,,
,,,,,,,,,,,,,,,,,,,,,,,,,,,,,,,,
,,,,,,,,,,,,,,,,,,,,,,,,,,,,,,,,
,,,,,,,,,,,,,,,,,,,,,,,,,,,,,,,,
,,,,,,,,,,,,,,,,,,,,,,,,,,,,,,,,
,,,,,,,,,,,,,,,,,,,,,,,,,,,,,,,,
,,,,,,,,,,,,,,,,,,,,,,,,,,,,,,,,
,,,,,,,,,,,,,,,,,,,,,,,,,,,,,,,,
,,,,,,,,,,,,,,,,,,,,,,,,,,,,,,,,
,,,,,,,,,,,,,,,,,,,,,,,,,,,,,,,,
,,,,,,,,,,,,,,,,,,,,,,,,,,,,,,,,
,,,,,,,,,,,,,,,,,,,,,,,,,,,,,,,,
,,,,,,,,,,,,,,,,,,,,,,,,,,,,,,,,
,,,,,,,,,,,,,,,,,,,,,,,,,,,,,,,,
,,,,,,,,,,,,,,,,,,,,,,,,,,,,,,,,
,,,,,,,,,,,,,,,,,,,,,,,,,,,,,,,,
,,,,,,,,,,,,,,,,,,,,,,,,,,,,,,,,
,,,,,,,,,,,,,,,,,,,,,,,,,,,,,,,,
,,,,,,,,,,,,,,,,,,,,,,,,,,,,,,,,
,,,,,,,,,,,,,,,,,,,,,,,,,,,,,,,,
,,,,,,,,,,,,,,,,,,,,,,,,,,,,,,,,
,,,,,,,,,,,,,,,,,,,,,,,,,,,,,,,,
,,,,,,,,,,,,,,,,,,,,,,,,,,,,,,,,
,,,,,,,,,,,,,,,,,,,,,,,,,,,,,,,,
,,,,,,,,,,,,,,,,,,,,,,,,,,,,,,,,
,,,,,,,,,,,,,,,,,,,,,,,,,,,,,,,,
,,,,,,,,,,,,,,,,,,,,,,,,,,,,,,,,
,,,,,,,,,,,,,,,,,,,,,,,,,,,,,,,,
,,,,,,,,,,,,,,,,,,,,,,,,,,,,,,,,
,,,,,,,,,,,,,,,,,,,,,,,,,,,,,,,,
,,,,,,,,,,,,,,,,,,,,,,,,,,,,,,,,
,,,,,,,,,,,,,,,,,,,,,,,,,,,,,,,,
,,,,,,,,,,,,,,,,,,,,,,,,,,,,,,,,
,,,,,,,,,,,,,,,,,,,,,,,,,,,,,,,,
,,,,,,,,,,,,,,,,,,,,,,,,,,,,,,,,
,,,,,,,,,,,,,,,,,,,,,,,,,,,,,,,,
,,,,,,,,,,,,,,,,,,,,,,,,,,,,,,,,
,,,,,,,,,,,,,,,,,,,,,,,,,,,,,,,,
,,,,,,,,,,,,,,,,,,,,,,,,,,,,,,,,
,,,,,,,,,,,,,,,,,,,,,,,,,,,,,,,,
,,,,,,,,,,,,,,,,,,,,,,,,,,,,,,,,
,,,,,,,,,,,,,,,,,,,,,,,,,,,,,,,,
,,,,,,,,,,,,,,,,,,,,,,,,,,,,,,,,
,,,,,,,,,,,,,,,,,,,,,,,,,,,,,,,,
,,,,,,,,,,,,,,,,,,,,,,,,,,,,,,,,
,,,,,,,,,,,,,,,,,,,,,,,,,,,,,,,,
,,,,,,,,,,,,,,,,,,,,,,,,,,,,,,,,
,,,,,,,,,,,,,,,,,,,,,,,,,,,,,,,,
,,,,,,,,,,,,,,,,,,,,,,,,,,,,,,,,
,,,,,,,,,,,,,,,,,,,,,,,,,,,,,,,,
,,,,,,,,,,,,,,,,,,,,,,,,,,,,,,,,
,,,,,,,,,,,,,,,,,,,,,,,,,,,,,,,,
,,,,,,,,,,,,,,,,,,,,,,,,,,,,,,,,
,,,,,,,,,,,,,,,,,,,,,,,,,,,,,,,,
,,,,,,,,,,,,,,,,,,,,,,,,,,,,,,,,
,,,,,,,,,,,,,,,,,,,,,,,,,,,,,,,,
,,,,,,,,,,,,,,,,,,,,,,,,,,,,,,,,
,,,,,,,,,,,,,,,,,,,,,,,,,,,,,,,,
,,,,,,,,,,,,,,,,,,,,,,,,,,,,,,,,
,,,,,,,,,,,,,,,,,,,,,,,,,,,,,,,,
,,,,,,,,,,,,,,,,,,,,,,,,,,,,,,,,
,,,,,,,,,,,,,,,,,,,,,,,,,,,,,,,,
,,,,,,,,,,,,,,,,,,,,,,,,,,,,,,,,
,,,,,,,,,,,,,,,,,,,,,,,,,,,,,,,,
,,,,,,,,,,,,,,,,,,,,,,,,,,,,,,,,
,,,,,,,,,,,,,,,,,,,,,,,,,,,,,,,,
,,,,,,,,,,,,,,,,,,,,,,,,,,,,,,,,
,,,,,,,,,,,,,,,,,,,,,,,,,,,,,,,,
,,,,,,,,,,,,,,,,,,,,,,,,,,,,,,,,
,,,,,,,,,,,,,,,,,,,,,,,,,,,,,,,,
,,,,,,,,,,,,,,,,,,,,,,,,,,,,,,,,
,,,,,,,,,,,,,,,,,,,,,,,,,,,,,,,,
,,,,,,,,,,,,,,,,,,,,,,,,,,,,,,,,
,,,,,,,,,,,,,,,,,,,,,,,,,,,,,,,,
,,,,,,,,,,,,,,,,,,,,,,,,,,,,,,,,
,,,,,,,,,,,,,,,,,,,,,,,,,,,,,,,,
,,,,,,,,,,,,,,,,,,,,,,,,,,,,,,,,
,,,,,,,,,,,,,,,,,,,,,,,,,,,,,,,,
,,,,,,,,,,,,,,,,,,,,,,,,,,,,,,,,
,,,,,,,,,,,,,,,,,,,,,,,,,,,,,,,,
,,,,,,,,,,,,,,,,,,,,,,,,,,,,,,,,
,,,,,,,,,,,,,,,,,,,,,,,,,,,,,,,,
,,,,,,,,,,,,,,,,,,,,,,,,,,,,,,,,
